Billing account name,Billing account ID,Project name,Project ID,Project hierarchy,Service description,Service ID,SKU description,SKU ID,Credit type,Cost type,Usage start date,Usage end date,Usage amount,Usage unit,Unrounded Cost ($),Cost ($)
Onix - DFCI - AlDubayan Lab,01DC30-264DCD-B34E70,DFCI-aldubayan-lab--Germline-A,terra-730ce996,firecloud.org > prod > CommunityWorkbench,Cloud Storage,95FF-2EF5-5EA1,Multi-Region Standard Class A Operations,9ADA-9AED-1B24,,Usage,2024-05-29,2024-05-29,8,count,0.000080,0.00
Onix - DFCI - AlDubayan Lab,01DC30-264DCD-B34E70,DFCI-aldubayan-lab--KAnderson-,terra-a7f38bfa,firecloud.org > prod > CommunityWorkbench,Cloud Storage,95FF-2EF5-5EA1,Regional Autoclass Standard Class A Operations,B7C3-7672-190E,,Usage,2024-05-29,2024-05-29,8,count,0.000040,0.00
Onix - DFCI - AlDubayan Lab,01DC30-264DCD-B34E70,DFCI-aldubayan-lab--Germline-A,terra-730ce996,firecloud.org > prod > CommunityWorkbench,Cloud Storage,95FF-2EF5-5EA1,Network Data Transfer GCP Multi-region within Northern America,3C8A-99C5-F47B,,Usage,2024-05-29,2024-05-29,0.001,gibibyte,0.000026,0.00
Onix - DFCI - AlDubayan Lab,01DC30-264DCD-B34E70,DFCI-aldubayan-lab--Germline-A,terra-730ce996,firecloud.org > prod > CommunityWorkbench,Cloud Storage,95FF-2EF5-5EA1,Regional Autoclass Standard Class B Operations,5BE8-FE77-1C76,,Usage,2024-05-29,2024-05-29,16,count,0.000006,0.00
Onix - DFCI - AlDubayan Lab,01DC30-264DCD-B34E70,DFCI-aldubayan-lab--Germline-A,terra-730ce996,firecloud.org > prod > CommunityWorkbench,Cloud Storage,95FF-2EF5-5EA1,Regional Autoclass Standard Class A Operations,B7C3-7672-190E,,Usage,2024-05-29,2024-05-29,1,count,0.000005,0.00
Onix - DFCI - AlDubayan Lab,01DC30-264DCD-B34E70,DFCI-aldubayan-lab--Germline-A,terra-730ce996,firecloud.org > prod > CommunityWorkbench,Cloud Storage,95FF-2EF5-5EA1,Multi-Region Standard Class B Operations,8AE7-5BBD-8F38,,Usage,2024-05-29,2024-05-29,8,count,0.000003,0.00
Onix - DFCI - AlDubayan Lab,01DC30-264DCD-B34E70,DFCI-aldubayan-lab--UKbio-cont,terra-0df969ce,firecloud.org > prod > CommunityWorkbench,Cloud Storage,95FF-2EF5-5EA1,Autoclass Coldline Storage Iowa,FC93-7D27-5888,,Usage,2024-05-28,2024-05-30,777.433,gibibyte month,3.109730,3.11
Onix - DFCI - AlDubayan Lab,01DC30-264DCD-B34E70,DFCI-aldubayan-lab--KAnderson-,terra-6524346e,firecloud.org > prod > CommunityWorkbench,Cloud Storage,95FF-2EF5-5EA1,Autoclass Coldline Storage Iowa,FC93-7D27-5888,,Usage,2024-05-28,2024-05-30,191.408,gibibyte month,0.765630,0.77
Onix - DFCI - AlDubayan Lab,01DC30-264DCD-B34E70,DFCI-aldubayan-lab--KAnderson-,terra-88b03bea,firecloud.org > prod > CommunityWorkbench,Compute Engine,6F81-5844-456A,Spot Preemptible N1 Predefined Instance Core running in Americas,D498-1ECA-87C1,,Usage,2024-05-24,2024-05-31,"1,584.449",hour,11.518817,11.52
Onix - DFCI - AlDubayan Lab,01DC30-264DCD-B34E70,DFCI-aldubayan-lab--KAnderson-,terra-88b03bea,firecloud.org > prod > CommunityWorkbench,Compute Engine,6F81-5844-456A,Spot Preemptible N1 Predefined Instance Ram running in Americas,5451-0A15-0123,,Usage,2024-05-24,2024-05-31,"5,941.763",gibibyte hour,5.537602,5.54
Onix - DFCI - AlDubayan Lab,01DC30-264DCD-B34E70,DFCI-aldubayan-lab--KAnderson-,terra-88b03bea,firecloud.org > prod > CommunityWorkbench,Compute Engine,6F81-5844-456A,SSD backed PD Capacity,B188-61DD-52E4,,Usage,2024-05-22,2024-05-28,0.131,gibibyte month,0.022238,0.02
Onix - DFCI - AlDubayan Lab,01DC30-264DCD-B34E70,DFCI-aldubayan-lab--ALDUBAYAN-,terra-a8d893d5,firecloud.org > prod > CommunityWorkbench,Cloud Storage,95FF-2EF5-5EA1,Regional Standard Class A Operations,4DBF-185F-A415,,Usage,2024-05-22,2024-05-22,1,count,0.000000,0.00
Onix - DFCI - AlDubayan Lab,01DC30-264DCD-B34E70,DFCI-aldubayan-lab--Dasman-Ins,terra-e2f9491f,firecloud.org > prod > CommunityWorkbench,Cloud Storage,95FF-2EF5-5EA1,Regional Standard Class A Operations,4DBF-185F-A415,,Usage,2024-05-22,2024-05-22,1,count,0.000000,0.00
Onix - DFCI - AlDubayan Lab,01DC30-264DCD-B34E70,DFCI-aldubayan-lab--KAnderson-,terra-6524346e,firecloud.org > prod > CommunityWorkbench,Cloud Storage,95FF-2EF5-5EA1,Regional Standard Class A Operations,4DBF-185F-A415,,Usage,2024-05-22,2024-05-22,1,count,0.000000,0.00
Onix - DFCI - AlDubayan Lab,01DC30-264DCD-B34E70,DFCI-aldubayan-lab--KAnderson-,terra-47075a46,firecloud.org > prod > CommunityWorkbench,Cloud Storage,95FF-2EF5-5EA1,Regional Standard Class A Operations,4DBF-185F-A415,,Usage,2024-05-22,2024-05-22,1,count,0.000000,0.00
Onix - DFCI - AlDubayan Lab,01DC30-264DCD-B34E70,vanallen-aldubayan-lab,vanallen-aldubayan-lab,firecloud.org,Cloud Storage,95FF-2EF5-5EA1,Regional Standard Class A Operations,4DBF-185F-A415,,Usage,2024-05-22,2024-05-22,1,count,0.000000,0.00
Onix - DFCI - AlDubayan Lab,01DC30-264DCD-B34E70,vanallen-aldubayan-lab--arab-b,terra-d6c0baa5,firecloud.org > prod > CommunityWorkbench,Cloud Storage,95FF-2EF5-5EA1,Regional Standard Class A Operations,4DBF-185F-A415,,Usage,2024-05-22,2024-05-22,1,count,0.000000,0.00
Onix - DFCI - AlDubayan Lab,01DC30-264DCD-B34E70,DFCI-aldubayan-lab--KAnderson-,terra-f64e23e8,firecloud.org > prod > CommunityWorkbench,Compute Engine,6F81-5844-456A,Custom Instance Core running in Americas,ACBC-6999-A1C4,,Usage,2024-05-21,2024-05-23,67.486,hour,2.239958,2.24
Onix - DFCI - AlDubayan Lab,01DC30-264DCD-B34E70,DFCI-aldubayan-lab--KAnderson-,terra-f64e23e8,firecloud.org > prod > CommunityWorkbench,Compute Engine,6F81-5844-456A,Custom Instance Ram running in Americas,51E2-59BD-7A6E,,Usage,2024-05-21,2024-05-23,396.489,gibibyte hour,1.762782,1.76
Onix - DFCI - AlDubayan Lab,01DC30-264DCD-B34E70,DFCI-aldubayan-lab--KAnderson-,terra-88b03bea,firecloud.org > prod > CommunityWorkbench,Compute Engine,6F81-5844-456A,Custom Instance Core running in Americas,ACBC-6999-A1C4,,Usage,2024-05-20,2024-05-30,"32,871.274",hour,1091.048284,1091.05
Onix - DFCI - AlDubayan Lab,01DC30-264DCD-B34E70,DFCI-aldubayan-lab--KAnderson-,terra-88b03bea,firecloud.org > prod > CommunityWorkbench,Compute Engine,6F81-5844-456A,Custom Instance Ram running in Americas,51E2-59BD-7A6E,,Usage,2024-05-20,2024-05-30,"201,774.988",gibibyte hour,897.091396,897.09
Onix - DFCI - AlDubayan Lab,01DC30-264DCD-B34E70,DFCI-aldubayan-lab--KAnderson-,terra-88b03bea,firecloud.org > prod > CommunityWorkbench,Cloud Storage,95FF-2EF5-5EA1,Autoclass Standard Storage Iowa,E324-3A47-63B4,,Usage,2024-05-20,2024-05-30,"17,061.226",gibibyte month,341.224520,341.22
Onix - DFCI - AlDubayan Lab,01DC30-264DCD-B34E70,DFCI-aldubayan-lab--KAnderson-,terra-88b03bea,firecloud.org > prod > CommunityWorkbench,Cloud Storage,95FF-2EF5-5EA1,Autoclass Management Fee,CF60-426C-8557,,Usage,2024-05-20,2024-05-30,"1,069,187,231",second,0.001026,0.00
Onix - DFCI - AlDubayan Lab,01DC30-264DCD-B34E70,DFCI-aldubayan-lab--KAnderson-,terra-88b03bea,firecloud.org > prod > CommunityWorkbench,Compute Engine,6F81-5844-456A,Network Inter Region Data Transfer In from Frankfurt to Americas,BE6F-687A-D530,,Usage,2024-05-20,2024-05-31,0.001,gibibyte,0.000000,0.00
Onix - DFCI - AlDubayan Lab,01DC30-264DCD-B34E70,Aldubayan-lab-DFCI,aldubayan-lab-dfci,broadinstitute.org,Cloud Storage,95FF-2EF5-5EA1,Autoclass Management Fee,CF60-426C-8557,,Usage,2024-05-18,2024-05-30,"122,427,383",second,0.000117,0.00
Onix - DFCI - AlDubayan Lab,01DC30-264DCD-B34E70,DFCI-aldubayan-lab--KAnderson-,terra-88b03bea,firecloud.org > prod > CommunityWorkbench,Compute Engine,6F81-5844-456A,Storage PD Capacity,D973-5D65-BAB2,,Usage,2024-05-17,2024-05-31,"11,564.727",gibibyte month,462.588343,462.59
Onix - DFCI - AlDubayan Lab,01DC30-264DCD-B34E70,DFCI-aldubayan-lab--KAnderson-,terra-88b03bea,firecloud.org > prod > CommunityWorkbench,Compute Engine,6F81-5844-456A,Spot Preemptible Custom Instance Core running in Americas,4A30-9DBE-ECEA,,Usage,2024-05-17,2024-05-31,"44,447.708",hour,339.018028,339.02
Onix - DFCI - AlDubayan Lab,01DC30-264DCD-B34E70,DFCI-aldubayan-lab--KAnderson-,terra-88b03bea,firecloud.org > prod > CommunityWorkbench,Compute Engine,6F81-5844-456A,Spot Preemptible Custom Instance Ram running in Americas,AFAD-A1BD-4F9C,,Usage,2024-05-17,2024-05-31,"194,969.204",gibibyte hour,190.664436,190.66
Onix - DFCI - AlDubayan Lab,01DC30-264DCD-B34E70,DFCI-aldubayan-lab--KAnderson-,terra-88b03bea,firecloud.org > prod > CommunityWorkbench,Compute Engine,6F81-5844-456A,External IP Charge on a Spot Preemptible VM,4AF8-7C1F-39C4,,Usage,2024-05-17,2024-05-31,"9,866.815",hour,24.666559,24.67
Onix - DFCI - AlDubayan Lab,01DC30-264DCD-B34E70,DFCI-aldubayan-lab--KAnderson-,terra-88b03bea,firecloud.org > prod > CommunityWorkbench,Networking,E505-1604-58F8,Network Intelligence Center Network Analyzer Resource Hours,9BF8-CD36-F9B8,,Usage,2024-05-17,2024-05-31,"19,776",count,21.753600,21.75
Onix - DFCI - AlDubayan Lab,01DC30-264DCD-B34E70,DFCI-aldubayan-lab--KAnderson-,terra-88b03bea,firecloud.org > prod > CommunityWorkbench,Networking,E505-1604-58F8,Network Intelligence Center Topology and Google Cloud Performance Resource Hours,D9AD-28F8-05D8,,Usage,2024-05-17,2024-05-31,"19,776",count,21.753600,21.75
Onix - DFCI - AlDubayan Lab,01DC30-264DCD-B34E70,DFCI-aldubayan-lab--KAnderson-,terra-88b03bea,firecloud.org > prod > CommunityWorkbench,Networking,E505-1604-58F8,Network Intelligence Center Internet to Google Cloud Performance Resource Hours,BDBA-22FA-3925,,Usage,2024-05-17,2024-05-31,"19,776",count,15.820800,15.82
Onix - DFCI - AlDubayan Lab,01DC30-264DCD-B34E70,DFCI-aldubayan-lab--KAnderson-,terra-88b03bea,firecloud.org > prod > CommunityWorkbench,Compute Engine,6F81-5844-456A,External IP Charge on a Standard VM,C054-7F72-A02E,,Usage,2024-05-17,2024-05-30,"3,372.099",hour,13.624302,13.62
Onix - DFCI - AlDubayan Lab,01DC30-264DCD-B34E70,Aldubayan-lab-DFCI,aldubayan-lab-dfci,broadinstitute.org,Cloud Storage,95FF-2EF5-5EA1,Autoclass Standard Storage Iowa,E324-3A47-63B4,,Usage,2024-05-17,2024-05-30,402.893,gibibyte month,8.057864,8.06
Onix - DFCI - AlDubayan Lab,01DC30-264DCD-B34E70,DFCI-aldubayan-lab--KAnderson-,terra-88b03bea,firecloud.org > prod > CommunityWorkbench,Compute Engine,6F81-5844-456A,N1 Predefined Instance Core running in Americas,2E27-4F75-95CD,,Usage,2024-05-17,2024-05-29,28.502,hour,0.900948,0.90
Onix - DFCI - AlDubayan Lab,01DC30-264DCD-B34E70,DFCI-aldubayan-lab--KAnderson-,terra-88b03bea,firecloud.org > prod > CommunityWorkbench,Compute Engine,6F81-5844-456A,N1 Predefined Instance Ram running in Americas,6C71-E844-38BC,,Usage,2024-05-17,2024-05-29,106.883,gibibyte hour,0.452841,0.45
Onix - DFCI - AlDubayan Lab,01DC30-264DCD-B34E70,DFCI-aldubayan-lab--KAnderson-,terra-88b03bea,firecloud.org > prod > CommunityWorkbench,Compute Engine,6F81-5844-456A,Network Data Transfer Out via Carrier Peering Network - Americas Based,984A-1F27-2D1F,,Usage,2024-05-17,2024-05-31,7.935,gibibyte,0.317038,0.32
Onix - DFCI - AlDubayan Lab,01DC30-264DCD-B34E70,DFCI-aldubayan-lab--KAnderson-,terra-88b03bea,firecloud.org > prod > CommunityWorkbench,Compute Engine,6F81-5844-456A,Network Internet Data Transfer Out from Americas to Americas,F274-1692-F213,,Usage,2024-05-17,2024-05-31,0.92,gibibyte,0.023100,0.02
Onix - DFCI - AlDubayan Lab,01DC30-264DCD-B34E70,DFCI-aldubayan-lab--KAnderson-,terra-88b03bea,firecloud.org > prod > CommunityWorkbench,Cloud Storage,95FF-2EF5-5EA1,Multi-Region Standard Class A Operations,9ADA-9AED-1B24,,Usage,2024-05-17,2024-05-31,"1,620",count,0.016200,0.02
Onix - DFCI - AlDubayan Lab,01DC30-264DCD-B34E70,DFCI-aldubayan-lab--KAnderson-,terra-88b03bea,firecloud.org > prod > CommunityWorkbench,Cloud Storage,95FF-2EF5-5EA1,Network Data Transfer GCP Replication within Northern America,AED0-3315-7B11,,Usage,2024-05-17,2024-05-30,0.008,gibibyte,0.000161,0.00
Onix - DFCI - AlDubayan Lab,01DC30-264DCD-B34E70,DFCI-aldubayan-lab--KAnderson-,terra-88b03bea,firecloud.org > prod > CommunityWorkbench,Compute Engine,6F81-5844-456A,Network Inter Zone Data Transfer Out,DE9E-AFBC-A15A,,Usage,2024-05-17,2024-05-29,0.011,gibibyte,0.000100,0.00
Onix - DFCI - AlDubayan Lab,01DC30-264DCD-B34E70,DFCI-aldubayan-lab--KAnderson-,terra-88b03bea,firecloud.org > prod > CommunityWorkbench,Cloud Storage,95FF-2EF5-5EA1,Multi-Region Standard Class B Operations,8AE7-5BBD-8F38,,Usage,2024-05-17,2024-05-31,166,count,0.000056,0.00
Onix - DFCI - AlDubayan Lab,01DC30-264DCD-B34E70,DFCI-aldubayan-lab--KAnderson-,terra-88b03bea,firecloud.org > prod > CommunityWorkbench,Cloud Storage,95FF-2EF5-5EA1,Network Data Transfer GCP Multi-region within Northern America,3C8A-99C5-F47B,,Usage,2024-05-17,2024-05-31,0.003,gibibyte,0.000045,0.00
Onix - DFCI - AlDubayan Lab,01DC30-264DCD-B34E70,DFCI-aldubayan-lab--KAnderson-,terra-88b03bea,firecloud.org > prod > CommunityWorkbench,Compute Engine,6F81-5844-456A,Network Data Transfer In from Google Services from Americas to Americas,123C-0EFC-B7C8,,Usage,2024-05-17,2024-05-31,"307,454.81",gibibyte,0.000000,0.00
Onix - DFCI - AlDubayan Lab,01DC30-264DCD-B34E70,DFCI-aldubayan-lab--KAnderson-,terra-88b03bea,firecloud.org > prod > CommunityWorkbench,Compute Engine,6F81-5844-456A,Network Internet Data Transfer In from South America to Americas,1CFF-8100-5F11,,Usage,2024-05-17,2024-05-31,0.002,gibibyte,0.000000,0.00
Onix - DFCI - AlDubayan Lab,01DC30-264DCD-B34E70,DFCI-aldubayan-lab--KAnderson-,terra-88b03bea,firecloud.org > prod > CommunityWorkbench,Compute Engine,6F81-5844-456A,Network Inter Region Data Transfer In from Americas to Americas,1E55-5CEB-2AB1,,Usage,2024-05-17,2024-05-31,0.067,gibibyte,0.000000,0.00
Onix - DFCI - AlDubayan Lab,01DC30-264DCD-B34E70,DFCI-aldubayan-lab--KAnderson-,terra-88b03bea,firecloud.org > prod > CommunityWorkbench,Compute Engine,6F81-5844-456A,Network Internet Data Transfer In from EMEA to Americas,2F99-3A90-373B,,Usage,2024-05-17,2024-05-31,0.08,gibibyte,0.000000,0.00
Onix - DFCI - AlDubayan Lab,01DC30-264DCD-B34E70,DFCI-aldubayan-lab--KAnderson-,terra-88b03bea,firecloud.org > prod > CommunityWorkbench,Compute Engine,6F81-5844-456A,Licensing Fee for Container-Optimized OS - PCID Whitelisted (RAM cost),3D41-4308-45C0,,Usage,2024-05-17,2024-05-31,"402,781.503",gibibyte hour,0.000000,0.00
Onix - DFCI - AlDubayan Lab,01DC30-264DCD-B34E70,DFCI-aldubayan-lab--KAnderson-,terra-88b03bea,firecloud.org > prod > CommunityWorkbench,Compute Engine,6F81-5844-456A,Network Data Transfer In via Carrier Peering Network - Americas Based,427E-B4F2-B5CF,,Usage,2024-05-17,2024-05-31,"13,031.918",gibibyte,0.000000,0.00
Onix - DFCI - AlDubayan Lab,01DC30-264DCD-B34E70,DFCI-aldubayan-lab--KAnderson-,terra-88b03bea,firecloud.org > prod > CommunityWorkbench,Compute Engine,6F81-5844-456A,Network Internet Data Transfer In from Australia to Americas,773D-F52D-63CD,,Usage,2024-05-17,2024-05-31,0.001,gibibyte,0.000000,0.00
Onix - DFCI - AlDubayan Lab,01DC30-264DCD-B34E70,DFCI-aldubayan-lab--KAnderson-,terra-88b03bea,firecloud.org > prod > CommunityWorkbench,Compute Engine,6F81-5844-456A,Network Inter Region Data Transfer In from London to Americas,8687-6D6B-5B8B,,Usage,2024-05-17,2024-05-31,0.06,gibibyte,0.000000,0.00
Onix - DFCI - AlDubayan Lab,01DC30-264DCD-B34E70,DFCI-aldubayan-lab--KAnderson-,terra-88b03bea,firecloud.org > prod > CommunityWorkbench,Compute Engine,6F81-5844-456A,Network Data Transfer to Google Services from Americas to Americas,92CB-C25F-B1D1,,Usage,2024-05-17,2024-05-31,"90,462.581",gibibyte,0.000000,0.00
Onix - DFCI - AlDubayan Lab,01DC30-264DCD-B34E70,DFCI-aldubayan-lab--KAnderson-,terra-88b03bea,firecloud.org > prod > CommunityWorkbench,Compute Engine,6F81-5844-456A,Network Internet Data Transfer In from Apac(Excluding Korea and Indonesia) to Iowa,93F4-2190-D5EF,,Usage,2024-05-17,2024-05-31,0.023,gibibyte,0.000000,0.00
Onix - DFCI - AlDubayan Lab,01DC30-264DCD-B34E70,DFCI-aldubayan-lab--KAnderson-,terra-88b03bea,firecloud.org > prod > CommunityWorkbench,Compute Engine,6F81-5844-456A,Licensing Fee for Shielded COS (RAM cost),B0B5-6E19-13AE,,Usage,2024-05-17,2024-05-31,"402,781.503",gibibyte hour,0.000000,0.00
Onix - DFCI - AlDubayan Lab,01DC30-264DCD-B34E70,DFCI-aldubayan-lab--KAnderson-,terra-88b03bea,firecloud.org > prod > CommunityWorkbench,Compute Engine,6F81-5844-456A,Network Inter Zone Data Transfer In,D0CC-50DF-59D2,,Usage,2024-05-17,2024-05-31,0.027,gibibyte,0.000000,0.00
Onix - DFCI - AlDubayan Lab,01DC30-264DCD-B34E70,DFCI-aldubayan-lab--KAnderson-,terra-88b03bea,firecloud.org > prod > CommunityWorkbench,Compute Engine,6F81-5844-456A,Network Internet Data Transfer In from Americas to Americas,E926-D07C-E1A4,,Usage,2024-05-17,2024-05-31,95.167,gibibyte,0.000000,0.00
Onix - DFCI - AlDubayan Lab,01DC30-264DCD-B34E70,DFCI-aldubayan-lab--KAnderson-,terra-88b03bea,firecloud.org > prod > CommunityWorkbench,Compute Engine,6F81-5844-456A,Licensing Fee for Container-Optimized OS from Google (CPU cost),ECCC-9EE4-AEE4,,Usage,2024-05-17,2024-05-31,"13,238.65",hour,0.000000,0.00
Onix - DFCI - AlDubayan Lab,01DC30-264DCD-B34E70,DFCI-aldubayan-lab--KAnderson-,terra-88b03bea,firecloud.org > prod > CommunityWorkbench,Compute Engine,6F81-5844-456A,Network Internet Data Transfer In from Africa to Americas,EF89-EF79-A587,,Usage,2024-05-17,2024-05-31,0.001,gibibyte,0.000000,0.00
Onix - DFCI - AlDubayan Lab,01DC30-264DCD-B34E70,DFCI-aldubayan-lab--KAnderson-,terra-88b03bea,firecloud.org > prod > CommunityWorkbench,Compute Engine,6F81-5844-456A,Licensing Fee for Container-Optimized OS from Google (RAM cost),F239-15CB-5B98,,Usage,2024-05-17,2024-05-31,"402,783.582",gibibyte hour,0.000000,0.00
Onix - DFCI - AlDubayan Lab,01DC30-264DCD-B34E70,DFCI-aldubayan-lab--KAnderson-,terra-88b03bea,firecloud.org > prod > CommunityWorkbench,Compute Engine,6F81-5844-456A,Licensing Fee for Container-Optimized OS from Google (CPU cost),FA27-F4A0-3EE3,,Usage,2024-05-17,2024-05-31,"78,930.114",hour,0.000000,0.00
Onix - DFCI - AlDubayan Lab,01DC30-264DCD-B34E70,DFCI-aldubayan-lab--KAnderson-,terra-88b03bea,firecloud.org > prod > CommunityWorkbench,Networking,E505-1604-58F8,Network Intelligence Center Internet to Google Cloud Performance Resource Hours,BDBA-22FA-3925,SPENDING_BASED_DISCOUNT,Usage,2024-05-17,2024-05-31,,,-15.820800,-15.82
Onix - DFCI - AlDubayan Lab,01DC30-264DCD-B34E70,DFCI-aldubayan-lab--KAnderson-,terra-88b03bea,firecloud.org > prod > CommunityWorkbench,Networking,E505-1604-58F8,Network Intelligence Center Network Analyzer Resource Hours,9BF8-CD36-F9B8,SPENDING_BASED_DISCOUNT,Usage,2024-05-17,2024-05-31,,,-21.753600,-21.75
Onix - DFCI - AlDubayan Lab,01DC30-264DCD-B34E70,DFCI-aldubayan-lab--KAnderson-,terra-88b03bea,firecloud.org > prod > CommunityWorkbench,Networking,E505-1604-58F8,Network Intelligence Center Topology and Google Cloud Performance Resource Hours,D9AD-28F8-05D8,SPENDING_BASED_DISCOUNT,Usage,2024-05-17,2024-05-31,,,-21.753600,-21.75
Onix - DFCI - AlDubayan Lab,01DC30-264DCD-B34E70,DFCI-aldubayan-lab--KAnderson-,terra-88b03bea,firecloud.org > prod > CommunityWorkbench,Cloud Storage,95FF-2EF5-5EA1,Regional Autoclass Standard Class A Operations,B7C3-7672-190E,,Usage,2024-05-16,2024-05-31,"4,302,552",count,21.512760,21.51
Onix - DFCI - AlDubayan Lab,01DC30-264DCD-B34E70,DFCI-aldubayan-lab--KAnderson-,terra-88b03bea,firecloud.org > prod > CommunityWorkbench,Cloud DNS,FA26-5236-B8B5,DNS Query (port 53),6DFF-5025-A128,,Usage,2024-05-16,2024-05-30,"13,401,334",count,5.360433,5.36
Onix - DFCI - AlDubayan Lab,01DC30-264DCD-B34E70,terra-88b03bea,terra-88b03bea,firecloud.org > prod > CommunityWorkbench,Compute Engine,6F81-5844-456A,SSD backed PD Capacity,B188-61DD-52E4,,Usage,2024-05-16,2024-05-16,2.448,gibibyte month,0.416193,0.42
Onix - DFCI - AlDubayan Lab,01DC30-264DCD-B34E70,terra-88b03bea,terra-88b03bea,firecloud.org > prod > CommunityWorkbench,Compute Engine,6F81-5844-456A,Spot Preemptible Custom Instance Core running in Americas,4A30-9DBE-ECEA,,Usage,2024-05-16,2024-05-16,36.029,hour,0.238864,0.24
Onix - DFCI - AlDubayan Lab,01DC30-264DCD-B34E70,terra-88b03bea,terra-88b03bea,firecloud.org > prod > CommunityWorkbench,Compute Engine,6F81-5844-456A,Spot Preemptible Custom Instance Ram running in Americas,AFAD-A1BD-4F9C,,Usage,2024-05-16,2024-05-16,144.187,gibibyte hour,0.128754,0.13
Onix - DFCI - AlDubayan Lab,01DC30-264DCD-B34E70,DFCI-aldubayan-lab--KAnderson-,terra-88b03bea,firecloud.org > prod > CommunityWorkbench,Cloud Storage,95FF-2EF5-5EA1,Regional Autoclass Standard Class B Operations,5BE8-FE77-1C76,,Usage,2024-05-16,2024-05-31,"228,375",count,0.091332,0.09
Onix - DFCI - AlDubayan Lab,01DC30-264DCD-B34E70,DFCI-aldubayan-lab--KAnderson-,terra-88b03bea,firecloud.org > prod > CommunityWorkbench,Cloud DNS,FA26-5236-B8B5,ManagedZone,8C22-6FC3-D478,,Usage,2024-05-16,2024-05-31,0.487,month,0.079596,0.08
Onix - DFCI - AlDubayan Lab,01DC30-264DCD-B34E70,terra-88b03bea,terra-88b03bea,firecloud.org > prod > CommunityWorkbench,Compute Engine,6F81-5844-456A,External IP Charge on a Spot Preemptible VM,4AF8-7C1F-39C4,,Usage,2024-05-16,2024-05-16,18.002,hour,0.044998,0.04
Onix - DFCI - AlDubayan Lab,01DC30-264DCD-B34E70,terra-88b03bea,terra-88b03bea,firecloud.org > prod > CommunityWorkbench,Networking,E505-1604-58F8,Network Intelligence Center Network Analyzer Resource Hours,9BF8-CD36-F9B8,,Usage,2024-05-16,2024-05-16,23,count,0.025300,0.03
Onix - DFCI - AlDubayan Lab,01DC30-264DCD-B34E70,terra-88b03bea,terra-88b03bea,firecloud.org > prod > CommunityWorkbench,Networking,E505-1604-58F8,Network Intelligence Center Topology and Google Cloud Performance Resource Hours,D9AD-28F8-05D8,,Usage,2024-05-16,2024-05-16,23,count,0.025300,0.03
Onix - DFCI - AlDubayan Lab,01DC30-264DCD-B34E70,terra-88b03bea,terra-88b03bea,firecloud.org > prod > CommunityWorkbench,Networking,E505-1604-58F8,Network Intelligence Center Internet to Google Cloud Performance Resource Hours,BDBA-22FA-3925,,Usage,2024-05-16,2024-05-16,23,count,0.018400,0.02
Onix - DFCI - AlDubayan Lab,01DC30-264DCD-B34E70,DFCI-aldubayan-lab--KAnderson-,terra-88b03bea,firecloud.org > prod > CommunityWorkbench,Cloud Storage,95FF-2EF5-5EA1,Standard Storage US Multi-region,0D5D-6E23-4250,,Usage,2024-05-16,2024-05-30,0.577,gibibyte month,0.015004,0.02
Onix - DFCI - AlDubayan Lab,01DC30-264DCD-B34E70,terra-88b03bea,terra-88b03bea,firecloud.org > prod > CommunityWorkbench,Compute Engine,6F81-5844-456A,Storage PD Capacity,D973-5D65-BAB2,,Usage,2024-05-16,2024-05-16,0.294,gibibyte month,0.011745,0.01
Onix - DFCI - AlDubayan Lab,01DC30-264DCD-B34E70,terra-88b03bea,terra-88b03bea,firecloud.org > prod > CommunityWorkbench,Compute Engine,6F81-5844-456A,Custom Instance Core running in Americas,ACBC-6999-A1C4,,Usage,2024-05-16,2024-05-16,0.324,hour,0.010741,0.01
Onix - DFCI - AlDubayan Lab,01DC30-264DCD-B34E70,terra-88b03bea,terra-88b03bea,firecloud.org > prod > CommunityWorkbench,Compute Engine,6F81-5844-456A,Custom Instance Ram running in Americas,51E2-59BD-7A6E,,Usage,2024-05-16,2024-05-16,1.296,gibibyte hour,0.005763,0.01
Onix - DFCI - AlDubayan Lab,01DC30-264DCD-B34E70,terra-88b03bea,terra-88b03bea,firecloud.org > prod > CommunityWorkbench,Cloud DNS,FA26-5236-B8B5,DNS Query (port 53),6DFF-5025-A128,,Usage,2024-05-16,2024-05-16,"6,327",count,0.002530,0.00
Onix - DFCI - AlDubayan Lab,01DC30-264DCD-B34E70,DFCI-aldubayan-lab--KAnderson-,terra-88b03bea,firecloud.org > prod > CommunityWorkbench,Cloud Storage,95FF-2EF5-5EA1,Standard Storage US Regional,E5F0-6A5D-7BAD,,Usage,2024-05-16,2024-05-30,0.06,gibibyte month,0.001191,0.00
Onix - DFCI - AlDubayan Lab,01DC30-264DCD-B34E70,terra-88b03bea,terra-88b03bea,firecloud.org > prod > CommunityWorkbench,Cloud DNS,FA26-5236-B8B5,ManagedZone,8C22-6FC3-D478,,Usage,2024-05-16,2024-05-16,0.005,month,0.001072,0.00
Onix - DFCI - AlDubayan Lab,01DC30-264DCD-B34E70,terra-88b03bea,terra-88b03bea,firecloud.org > prod > CommunityWorkbench,Compute Engine,6F81-5844-456A,Network Data Transfer Out via Carrier Peering Network - Americas Based,984A-1F27-2D1F,,Usage,2024-05-16,2024-05-16,0.017,gibibyte,0.000692,0.00
Onix - DFCI - AlDubayan Lab,01DC30-264DCD-B34E70,Aldubayan-lab-DFCI,aldubayan-lab-dfci,broadinstitute.org,Compute Engine,6F81-5844-456A,Network Inter Region Data Transfer Out from Americas to Jakarta,7C79-34BD-F61B,,Usage,2024-05-16,2024-05-16,0,gibibyte,0.000006,0.00
Onix - DFCI - AlDubayan Lab,01DC30-264DCD-B34E70,terra-88b03bea,terra-88b03bea,firecloud.org > prod > CommunityWorkbench,Cloud Logging,5490-F7B7-8DF6,Log Storage cost,143F-A1B0-E0BE,,Usage,2024-05-16,2024-05-16,0.003,gibibyte,0.000000,0.00
Onix - DFCI - AlDubayan Lab,01DC30-264DCD-B34E70,terra-88b03bea,terra-88b03bea,firecloud.org > prod > CommunityWorkbench,Compute Engine,6F81-5844-456A,Network Data Transfer In from Google Services from Americas to Americas,123C-0EFC-B7C8,,Usage,2024-05-16,2024-05-16,30.608,gibibyte,0.000000,0.00
Onix - DFCI - AlDubayan Lab,01DC30-264DCD-B34E70,terra-88b03bea,terra-88b03bea,firecloud.org > prod > CommunityWorkbench,Compute Engine,6F81-5844-456A,Network Internet Data Transfer In from EMEA to Americas,2F99-3A90-373B,,Usage,2024-05-16,2024-05-16,0.001,gibibyte,0.000000,0.00
Onix - DFCI - AlDubayan Lab,01DC30-264DCD-B34E70,terra-88b03bea,terra-88b03bea,firecloud.org > prod > CommunityWorkbench,Compute Engine,6F81-5844-456A,Licensing Fee for Container-Optimized OS - PCID Whitelisted (RAM cost),3D41-4308-45C0,,Usage,2024-05-16,2024-05-16,145.307,gibibyte hour,0.000000,0.00
Onix - DFCI - AlDubayan Lab,01DC30-264DCD-B34E70,terra-88b03bea,terra-88b03bea,firecloud.org > prod > CommunityWorkbench,Compute Engine,6F81-5844-456A,Network Data Transfer In via Carrier Peering Network - Americas Based,427E-B4F2-B5CF,,Usage,2024-05-16,2024-05-16,22.077,gibibyte,0.000000,0.00
Onix - DFCI - AlDubayan Lab,01DC30-264DCD-B34E70,terra-88b03bea,terra-88b03bea,firecloud.org > prod > CommunityWorkbench,Compute Engine,6F81-5844-456A,Network Data Transfer to Google Services from Americas to Americas,92CB-C25F-B1D1,,Usage,2024-05-16,2024-05-16,0.057,gibibyte,0.000000,0.00
Onix - DFCI - AlDubayan Lab,01DC30-264DCD-B34E70,terra-88b03bea,terra-88b03bea,firecloud.org > prod > CommunityWorkbench,Compute Engine,6F81-5844-456A,Licensing Fee for Shielded COS (RAM cost),B0B5-6E19-13AE,,Usage,2024-05-16,2024-05-16,145.307,gibibyte hour,0.000000,0.00
Onix - DFCI - AlDubayan Lab,01DC30-264DCD-B34E70,terra-88b03bea,terra-88b03bea,firecloud.org > prod > CommunityWorkbench,Compute Engine,6F81-5844-456A,External IP Charge on a Standard VM,C054-7F72-A02E,,Usage,2024-05-16,2024-05-16,0.161,hour,0.000000,0.00
Onix - DFCI - AlDubayan Lab,01DC30-264DCD-B34E70,terra-88b03bea,terra-88b03bea,firecloud.org > prod > CommunityWorkbench,Compute Engine,6F81-5844-456A,Network Internet Data Transfer In from Americas to Americas,E926-D07C-E1A4,,Usage,2024-05-16,2024-05-16,0.006,gibibyte,0.000000,0.00
Onix - DFCI - AlDubayan Lab,01DC30-264DCD-B34E70,terra-88b03bea,terra-88b03bea,firecloud.org > prod > CommunityWorkbench,Compute Engine,6F81-5844-456A,Licensing Fee for Container-Optimized OS from Google (CPU cost),ECCC-9EE4-AEE4,,Usage,2024-05-16,2024-05-16,18.163,hour,0.000000,0.00
Onix - DFCI - AlDubayan Lab,01DC30-264DCD-B34E70,terra-88b03bea,terra-88b03bea,firecloud.org > prod > CommunityWorkbench,Compute Engine,6F81-5844-456A,Licensing Fee for Container-Optimized OS from Google (RAM cost),F239-15CB-5B98,,Usage,2024-05-16,2024-05-16,145.307,gibibyte hour,0.000000,0.00
Onix - DFCI - AlDubayan Lab,01DC30-264DCD-B34E70,terra-88b03bea,terra-88b03bea,firecloud.org > prod > CommunityWorkbench,Compute Engine,6F81-5844-456A,Network Internet Data Transfer Out from Americas to Americas,F274-1692-F213,,Usage,2024-05-16,2024-05-16,0.001,gibibyte,0.000000,0.00
Onix - DFCI - AlDubayan Lab,01DC30-264DCD-B34E70,terra-88b03bea,terra-88b03bea,firecloud.org > prod > CommunityWorkbench,Compute Engine,6F81-5844-456A,Licensing Fee for Container-Optimized OS from Google (CPU cost),FA27-F4A0-3EE3,,Usage,2024-05-16,2024-05-16,36.327,hour,0.000000,0.00
Onix - DFCI - AlDubayan Lab,01DC30-264DCD-B34E70,Aldubayan-lab-DFCI,aldubayan-lab-dfci,broadinstitute.org,Compute Engine,6F81-5844-456A,Network Inter Region Data Transfer Out from Americas to Americas,C8EA-1A86-3D28,,Usage,2024-05-16,2024-05-16,0.004,gibibyte,0.000000,0.00
Onix - DFCI - AlDubayan Lab,01DC30-264DCD-B34E70,vanallen-aldubayan-lab--QATR-W,terra-d7327e81,firecloud.org > prod > CommunityWorkbench,Cloud Storage,95FF-2EF5-5EA1,Regional Standard Class A Operations,4DBF-185F-A415,,Usage,2024-05-16,2024-05-16,1,count,0.000000,0.00
Onix - DFCI - AlDubayan Lab,01DC30-264DCD-B34E70,DFCI-aldubayan-lab--KAnderson-,terra-88b03bea,firecloud.org > prod > CommunityWorkbench,Cloud Logging,5490-F7B7-8DF6,Log Storage cost,143F-A1B0-E0BE,,Usage,2024-05-16,2024-05-31,6.593,gibibyte,0.000000,0.00
Onix - DFCI - AlDubayan Lab,01DC30-264DCD-B34E70,DFCI-aldubayan-lab--KAnderson-,terra-88b03bea,firecloud.org > prod > CommunityWorkbench,Cloud Storage,95FF-2EF5-5EA1,Download Worldwide Destinations (excluding Asia & Australia),22EB-AAE8-FBCD,,Usage,2024-05-16,2024-05-31,0.001,gibibyte,0.000000,0.00
Onix - DFCI - AlDubayan Lab,01DC30-264DCD-B34E70,terra-88b03bea,terra-88b03bea,firecloud.org > prod > CommunityWorkbench,Networking,E505-1604-58F8,Network Intelligence Center Internet to Google Cloud Performance Resource Hours,BDBA-22FA-3925,SPENDING_BASED_DISCOUNT,Usage,2024-05-16,2024-05-16,,,-0.018400,-0.02
Onix - DFCI - AlDubayan Lab,01DC30-264DCD-B34E70,terra-88b03bea,terra-88b03bea,firecloud.org > prod > CommunityWorkbench,Networking,E505-1604-58F8,Network Intelligence Center Network Analyzer Resource Hours,9BF8-CD36-F9B8,SPENDING_BASED_DISCOUNT,Usage,2024-05-16,2024-05-16,,,-0.025300,-0.03
Onix - DFCI - AlDubayan Lab,01DC30-264DCD-B34E70,terra-88b03bea,terra-88b03bea,firecloud.org > prod > CommunityWorkbench,Networking,E505-1604-58F8,Network Intelligence Center Topology and Google Cloud Performance Resource Hours,D9AD-28F8-05D8,SPENDING_BASED_DISCOUNT,Usage,2024-05-16,2024-05-16,,,-0.025300,-0.03
Onix - DFCI - AlDubayan Lab,01DC30-264DCD-B34E70,DFCI-aldubayan-lab--ALDUBAYAN-,terra-a8d893d5,firecloud.org > prod > CommunityWorkbench,Cloud Storage,95FF-2EF5-5EA1,Regional Standard Class B Operations,7870-010B-2763,,Usage,2024-05-15,2024-05-23,10,count,0.000000,0.00
Onix - DFCI - AlDubayan Lab,01DC30-264DCD-B34E70,DFCI-aldubayan-lab--Dasman-Ins,terra-e2f9491f,firecloud.org > prod > CommunityWorkbench,Cloud Storage,95FF-2EF5-5EA1,Regional Standard Class B Operations,7870-010B-2763,,Usage,2024-05-15,2024-05-23,10,count,0.000000,0.00
Onix - DFCI - AlDubayan Lab,01DC30-264DCD-B34E70,DFCI-aldubayan-lab--KAnderson-,terra-6524346e,firecloud.org > prod > CommunityWorkbench,Cloud Storage,95FF-2EF5-5EA1,Regional Standard Class B Operations,7870-010B-2763,,Usage,2024-05-15,2024-05-23,10,count,0.000000,0.00
Onix - DFCI - AlDubayan Lab,01DC30-264DCD-B34E70,DFCI-aldubayan-lab--KAnderson-,terra-47075a46,firecloud.org > prod > CommunityWorkbench,Cloud Storage,95FF-2EF5-5EA1,Regional Standard Class B Operations,7870-010B-2763,,Usage,2024-05-15,2024-05-23,10,count,0.000000,0.00
Onix - DFCI - AlDubayan Lab,01DC30-264DCD-B34E70,vanallen-aldubayan-lab,vanallen-aldubayan-lab,firecloud.org,Cloud Storage,95FF-2EF5-5EA1,Regional Standard Class B Operations,7870-010B-2763,,Usage,2024-05-15,2024-05-23,10,count,0.000000,0.00
Onix - DFCI - AlDubayan Lab,01DC30-264DCD-B34E70,vanallen-aldubayan-lab--arab-b,terra-d6c0baa5,firecloud.org > prod > CommunityWorkbench,Cloud Storage,95FF-2EF5-5EA1,Regional Standard Class B Operations,7870-010B-2763,,Usage,2024-05-15,2024-05-23,10,count,0.000000,0.00
Onix - DFCI - AlDubayan Lab,01DC30-264DCD-B34E70,Aldubayan-lab-DFCI,aldubayan-lab-dfci,broadinstitute.org,Cloud Storage,95FF-2EF5-5EA1,Regional Autoclass Standard Class B Operations,5BE8-FE77-1C76,,Usage,2024-05-14,2024-05-27,"13,058",count,0.005218,0.01
Onix - DFCI - AlDubayan Lab,01DC30-264DCD-B34E70,Aldubayan-lab-DFCI,aldubayan-lab-dfci,broadinstitute.org,Cloud Storage,95FF-2EF5-5EA1,Regional Autoclass Standard Class A Operations,B7C3-7672-190E,,Usage,2024-05-14,2024-05-27,837,count,0.004185,0.00
Onix - DFCI - AlDubayan Lab,01DC30-264DCD-B34E70,DFCI-aldubayan-lab--KAnderson-,terra-a7f38bfa,firecloud.org > prod > CommunityWorkbench,Cloud Storage,95FF-2EF5-5EA1,Multi-Region Standard Class A Operations,9ADA-9AED-1B24,,Usage,2024-05-14,2024-05-29,9,count,0.000090,0.00
Onix - DFCI - AlDubayan Lab,01DC30-264DCD-B34E70,DFCI-aldubayan-lab--KAnderson-,terra-a7f38bfa,firecloud.org > prod > CommunityWorkbench,Cloud Storage,95FF-2EF5-5EA1,Network Data Transfer GCP Multi-region within Northern America,3C8A-99C5-F47B,,Usage,2024-05-14,2024-05-29,0.001,gibibyte,0.000027,0.00
Onix - DFCI - AlDubayan Lab,01DC30-264DCD-B34E70,DFCI-aldubayan-lab--KAnderson-,terra-a7f38bfa,firecloud.org > prod > CommunityWorkbench,Cloud Storage,95FF-2EF5-5EA1,Regional Autoclass Standard Class B Operations,5BE8-FE77-1C76,,Usage,2024-05-14,2024-05-29,23,count,0.000008,0.00
Onix - DFCI - AlDubayan Lab,01DC30-264DCD-B34E70,DFCI-aldubayan-lab--KAnderson-,terra-a7f38bfa,firecloud.org > prod > CommunityWorkbench,Cloud Storage,95FF-2EF5-5EA1,Multi-Region Standard Class B Operations,8AE7-5BBD-8F38,,Usage,2024-05-14,2024-05-29,9,count,0.000002,0.00
Onix - DFCI - AlDubayan Lab,01DC30-264DCD-B34E70,Aldubayan-lab-DFCI,aldubayan-lab-dfci,broadinstitute.org,Cloud Storage,95FF-2EF5-5EA1,Download Worldwide Destinations (excluding Asia & Australia),22EB-AAE8-FBCD,,Usage,2024-05-14,2024-05-27,0.151,gibibyte,0.000000,0.00
Onix - DFCI - AlDubayan Lab,01DC30-264DCD-B34E70,DFCI-aldubayan-lab--KAnderson-,terra-f64e23e8,firecloud.org > prod > CommunityWorkbench,Compute Engine,6F81-5844-456A,N1 Predefined Instance Core running in Americas,2E27-4F75-95CD,,Usage,2024-05-09,2024-05-22,8.847,hour,0.279642,0.28
Onix - DFCI - AlDubayan Lab,01DC30-264DCD-B34E70,DFCI-aldubayan-lab--KAnderson-,terra-f64e23e8,firecloud.org > prod > CommunityWorkbench,Compute Engine,6F81-5844-456A,N1 Predefined Instance Ram running in Americas,6C71-E844-38BC,,Usage,2024-05-09,2024-05-22,33.176,gibibyte hour,0.140555,0.14
Onix - DFCI - AlDubayan Lab,01DC30-264DCD-B34E70,DFCI-aldubayan-lab--KAnderson-,terra-6524346e,firecloud.org > prod > CommunityWorkbench,Compute Engine,6F81-5844-456A,N1 Predefined Instance Core running in Americas,2E27-4F75-95CD,,Usage,2024-05-09,2024-05-09,0.294,hour,0.009298,0.01
Onix - DFCI - AlDubayan Lab,01DC30-264DCD-B34E70,DFCI-aldubayan-lab--KAnderson-,terra-6524346e,firecloud.org > prod > CommunityWorkbench,Compute Engine,6F81-5844-456A,N1 Predefined Instance Ram running in Americas,6C71-E844-38BC,,Usage,2024-05-09,2024-05-09,1.103,gibibyte hour,0.004673,0.00
Onix - DFCI - AlDubayan Lab,01DC30-264DCD-B34E70,vanallen-aldubayan-lab--QATR-1,terra-af1a7acf,firecloud.org > prod > CommunityWorkbench,Cloud Storage,95FF-2EF5-5EA1,Multi-Region Standard Class A Operations,9ADA-9AED-1B24,,Usage,2024-05-09,2024-05-14,52,count,0.000520,0.00
Onix - DFCI - AlDubayan Lab,01DC30-264DCD-B34E70,DFCI-aldubayan-lab--KAnderson-,terra-f64e23e8,firecloud.org > prod > CommunityWorkbench,Compute Engine,6F81-5844-456A,Network Inter Zone Data Transfer Out,DE9E-AFBC-A15A,,Usage,2024-05-09,2024-05-22,0.022,gibibyte,0.000208,0.00
Onix - DFCI - AlDubayan Lab,01DC30-264DCD-B34E70,vanallen-aldubayan-lab--QATR-1,terra-af1a7acf,firecloud.org > prod > CommunityWorkbench,Cloud Storage,95FF-2EF5-5EA1,Network Data Transfer GCP Multi-region within Northern America,3C8A-99C5-F47B,,Usage,2024-05-09,2024-05-14,0.01,gibibyte,0.000198,0.00
Onix - DFCI - AlDubayan Lab,01DC30-264DCD-B34E70,vanallen-aldubayan-lab--QATR-W,terra-d7327e81,firecloud.org > prod > CommunityWorkbench,Cloud Storage,95FF-2EF5-5EA1,Multi-Region Standard Class A Operations,9ADA-9AED-1B24,,Usage,2024-05-09,2024-05-14,13,count,0.000130,0.00
Onix - DFCI - AlDubayan Lab,01DC30-264DCD-B34E70,vanallen-aldubayan-lab--QATR-W,terra-d7327e81,firecloud.org > prod > CommunityWorkbench,Cloud Storage,95FF-2EF5-5EA1,Network Data Transfer GCP Multi-region within Northern America,3C8A-99C5-F47B,,Usage,2024-05-09,2024-05-14,0.002,gibibyte,0.000048,0.00
Onix - DFCI - AlDubayan Lab,01DC30-264DCD-B34E70,DFCI-aldubayan-lab--MID-Ciliop,terra-881a3ee1,firecloud.org > prod > CommunityWorkbench,Cloud Storage,95FF-2EF5-5EA1,Multi-Region Standard Class A Operations,9ADA-9AED-1B24,,Usage,2024-05-09,2024-05-14,4,count,0.000040,0.00
Onix - DFCI - AlDubayan Lab,01DC30-264DCD-B34E70,vanallen-aldubayan-lab--1KG-WG,terra-36811ab6,firecloud.org > prod > CommunityWorkbench,Cloud Storage,95FF-2EF5-5EA1,Multi-Region Standard Class A Operations,9ADA-9AED-1B24,,Usage,2024-05-09,2024-05-09,2,count,0.000020,0.00
Onix - DFCI - AlDubayan Lab,01DC30-264DCD-B34E70,vanallen-aldubayan-lab--arab-b,terra-d3c999a2,firecloud.org > prod > CommunityWorkbench,Cloud Storage,95FF-2EF5-5EA1,Multi-Region Standard Class A Operations,9ADA-9AED-1B24,,Usage,2024-05-09,2024-05-09,2,count,0.000020,0.00
Onix - DFCI - AlDubayan Lab,01DC30-264DCD-B34E70,vanallen-aldubayan-lab--QATR-1,terra-af1a7acf,firecloud.org > prod > CommunityWorkbench,Cloud Storage,95FF-2EF5-5EA1,Multi-Region Standard Class B Operations,8AE7-5BBD-8F38,,Usage,2024-05-09,2024-05-14,52,count,0.000019,0.00
Onix - DFCI - AlDubayan Lab,01DC30-264DCD-B34E70,DFCI-aldubayan-lab--KAnderson-,terra-6524346e,firecloud.org > prod > CommunityWorkbench,Compute Engine,6F81-5844-456A,Network Inter Zone Data Transfer Out,DE9E-AFBC-A15A,,Usage,2024-05-09,2024-05-09,0.002,gibibyte,0.000016,0.00
Onix - DFCI - AlDubayan Lab,01DC30-264DCD-B34E70,DFCI-aldubayan-lab--MID-Ciliop,terra-881a3ee1,firecloud.org > prod > CommunityWorkbench,Cloud Storage,95FF-2EF5-5EA1,Network Data Transfer GCP Multi-region within Northern America,3C8A-99C5-F47B,,Usage,2024-05-09,2024-05-14,0.001,gibibyte,0.000014,0.00
Onix - DFCI - AlDubayan Lab,01DC30-264DCD-B34E70,vanallen-aldubayan-lab--1KG-WG,terra-36811ab6,firecloud.org > prod > CommunityWorkbench,Cloud Storage,95FF-2EF5-5EA1,Network Data Transfer GCP Multi-region within Northern America,3C8A-99C5-F47B,,Usage,2024-05-09,2024-05-09,0,gibibyte,0.000007,0.00
Onix - DFCI - AlDubayan Lab,01DC30-264DCD-B34E70,vanallen-aldubayan-lab--arab-b,terra-d3c999a2,firecloud.org > prod > CommunityWorkbench,Cloud Storage,95FF-2EF5-5EA1,Network Data Transfer GCP Multi-region within Northern America,3C8A-99C5-F47B,,Usage,2024-05-09,2024-05-09,0,gibibyte,0.000007,0.00
Onix - DFCI - AlDubayan Lab,01DC30-264DCD-B34E70,vanallen-aldubayan-lab--QATR-W,terra-d7327e81,firecloud.org > prod > CommunityWorkbench,Cloud Storage,95FF-2EF5-5EA1,Multi-Region Standard Class B Operations,8AE7-5BBD-8F38,,Usage,2024-05-09,2024-05-14,13,count,0.000003,0.00
Onix - DFCI - AlDubayan Lab,01DC30-264DCD-B34E70,DFCI-aldubayan-lab--KAnderson-,terra-6524346e,firecloud.org > prod > CommunityWorkbench,Compute Engine,6F81-5844-456A,External IP Charge on a Standard VM,C054-7F72-A02E,,Usage,2024-05-09,2024-05-09,0.294,hour,0.000000,0.00
Onix - DFCI - AlDubayan Lab,01DC30-264DCD-B34E70,DFCI-aldubayan-lab--KAnderson-,terra-6524346e,firecloud.org > prod > CommunityWorkbench,Compute Engine,6F81-5844-456A,Network Inter Zone Data Transfer In,D0CC-50DF-59D2,,Usage,2024-05-09,2024-05-09,0.001,gibibyte,0.000000,0.00
Onix - DFCI - AlDubayan Lab,01DC30-264DCD-B34E70,vanallen-aldubayan-lab--1KG-WG,terra-36811ab6,firecloud.org > prod > CommunityWorkbench,Cloud Storage,95FF-2EF5-5EA1,Regional Standard Class B Operations,7870-010B-2763,,Usage,2024-05-09,2024-05-09,6,count,0.000000,0.00
Onix - DFCI - AlDubayan Lab,01DC30-264DCD-B34E70,vanallen-aldubayan-lab--1KG-WG,terra-36811ab6,firecloud.org > prod > CommunityWorkbench,Cloud Storage,95FF-2EF5-5EA1,Multi-Region Standard Class B Operations,8AE7-5BBD-8F38,,Usage,2024-05-09,2024-05-09,2,count,0.000000,0.00
Onix - DFCI - AlDubayan Lab,01DC30-264DCD-B34E70,vanallen-aldubayan-lab--QATR-1,terra-af1a7acf,firecloud.org > prod > CommunityWorkbench,Cloud Storage,95FF-2EF5-5EA1,Regional Standard Class A Operations,4DBF-185F-A415,,Usage,2024-05-09,2024-05-09,5,count,0.000000,0.00
Onix - DFCI - AlDubayan Lab,01DC30-264DCD-B34E70,vanallen-aldubayan-lab--arab-b,terra-d3c999a2,firecloud.org > prod > CommunityWorkbench,Cloud Storage,95FF-2EF5-5EA1,Download Worldwide Destinations (excluding Asia & Australia),22EB-AAE8-FBCD,,Usage,2024-05-09,2024-05-09,0.018,gibibyte,0.000000,0.00
Onix - DFCI - AlDubayan Lab,01DC30-264DCD-B34E70,vanallen-aldubayan-lab--arab-b,terra-d3c999a2,firecloud.org > prod > CommunityWorkbench,Cloud Storage,95FF-2EF5-5EA1,Multi-Region Standard Class B Operations,8AE7-5BBD-8F38,,Usage,2024-05-09,2024-05-09,2,count,0.000000,0.00
Onix - DFCI - AlDubayan Lab,01DC30-264DCD-B34E70,DFCI-aldubayan-lab--MID-Ciliop,terra-881a3ee1,firecloud.org > prod > CommunityWorkbench,Cloud Storage,95FF-2EF5-5EA1,Regional Standard Class B Operations,7870-010B-2763,,Usage,2024-05-09,2024-05-14,10,count,0.000000,0.00
Onix - DFCI - AlDubayan Lab,01DC30-264DCD-B34E70,DFCI-aldubayan-lab--MID-Ciliop,terra-881a3ee1,firecloud.org > prod > CommunityWorkbench,Cloud Storage,95FF-2EF5-5EA1,Multi-Region Standard Class B Operations,8AE7-5BBD-8F38,,Usage,2024-05-09,2024-05-14,4,count,0.000000,0.00
Onix - DFCI - AlDubayan Lab,01DC30-264DCD-B34E70,vanallen-aldubayan-lab--QATR-1,terra-af1a7acf,firecloud.org > prod > CommunityWorkbench,Cloud Storage,95FF-2EF5-5EA1,Regional Standard Class B Operations,7870-010B-2763,,Usage,2024-05-09,2024-05-14,140,count,0.000000,0.00
Onix - DFCI - AlDubayan Lab,01DC30-264DCD-B34E70,vanallen-aldubayan-lab--QATR-W,terra-d7327e81,firecloud.org > prod > CommunityWorkbench,Cloud Storage,95FF-2EF5-5EA1,Regional Standard Class B Operations,7870-010B-2763,,Usage,2024-05-09,2024-05-20,51,count,0.000000,0.00
Onix - DFCI - AlDubayan Lab,01DC30-264DCD-B34E70,vanallen-aldubayan-lab--arab-b,terra-d3c999a2,firecloud.org > prod > CommunityWorkbench,Cloud Storage,95FF-2EF5-5EA1,Regional Standard Class A Operations,4DBF-185F-A415,,Usage,2024-05-09,2024-05-22,5,count,0.000000,0.00
Onix - DFCI - AlDubayan Lab,01DC30-264DCD-B34E70,DFCI-aldubayan-lab--KAnderson-,terra-f64e23e8,firecloud.org > prod > CommunityWorkbench,Compute Engine,6F81-5844-456A,External IP Charge on a Standard VM,C054-7F72-A02E,,Usage,2024-05-09,2024-05-23,25.717,hour,0.000000,0.00
Onix - DFCI - AlDubayan Lab,01DC30-264DCD-B34E70,vanallen-aldubayan-lab--arab-b,terra-d3c999a2,firecloud.org > prod > CommunityWorkbench,Cloud Storage,95FF-2EF5-5EA1,Regional Standard Class B Operations,7870-010B-2763,,Usage,2024-05-09,2024-05-23,27,count,0.000000,0.00
Onix - DFCI - AlDubayan Lab,01DC30-264DCD-B34E70,DFCI-aldubayan-lab--KAnderson-,terra-f64e23e8,firecloud.org > prod > CommunityWorkbench,Compute Engine,6F81-5844-456A,Spot Preemptible Custom Instance Core running in Americas,4A30-9DBE-ECEA,,Usage,2024-05-08,2024-05-23,"23,424.827",hour,156.374727,156.37
Onix - DFCI - AlDubayan Lab,01DC30-264DCD-B34E70,DFCI-aldubayan-lab--KAnderson-,terra-f64e23e8,firecloud.org > prod > CommunityWorkbench,Compute Engine,6F81-5844-456A,Spot Preemptible Custom Instance Ram running in Americas,AFAD-A1BD-4F9C,,Usage,2024-05-08,2024-05-23,"29,607.07",gibibyte hour,26.821214,26.82
Onix - DFCI - AlDubayan Lab,01DC30-264DCD-B34E70,DFCI-aldubayan-lab--KAnderson-,terra-f64e23e8,firecloud.org > prod > CommunityWorkbench,Cloud Storage,95FF-2EF5-5EA1,Regional Autoclass Standard Class A Operations,B7C3-7672-190E,,Usage,2024-05-08,2024-05-29,"3,809,655",count,19.024670,19.02
Onix - DFCI - AlDubayan Lab,01DC30-264DCD-B34E70,DFCI-aldubayan-lab--KAnderson-,terra-f64e23e8,firecloud.org > prod > CommunityWorkbench,Networking,E505-1604-58F8,Network Intelligence Center Network Analyzer Resource Hours,9BF8-CD36-F9B8,,Usage,2024-05-08,2024-05-23,"16,229",count,17.851900,17.85
Onix - DFCI - AlDubayan Lab,01DC30-264DCD-B34E70,DFCI-aldubayan-lab--KAnderson-,terra-f64e23e8,firecloud.org > prod > CommunityWorkbench,Networking,E505-1604-58F8,Network Intelligence Center Topology and Google Cloud Performance Resource Hours,D9AD-28F8-05D8,,Usage,2024-05-08,2024-05-23,"16,229",count,17.851900,17.85
Onix - DFCI - AlDubayan Lab,01DC30-264DCD-B34E70,DFCI-aldubayan-lab--KAnderson-,terra-f64e23e8,firecloud.org > prod > CommunityWorkbench,Networking,E505-1604-58F8,Network Intelligence Center Internet to Google Cloud Performance Resource Hours,BDBA-22FA-3925,,Usage,2024-05-08,2024-05-23,"16,229",count,12.983200,12.98
Onix - DFCI - AlDubayan Lab,01DC30-264DCD-B34E70,DFCI-aldubayan-lab--KAnderson-,terra-f64e23e8,firecloud.org > prod > CommunityWorkbench,Compute Engine,6F81-5844-456A,External IP Charge on a Spot Preemptible VM,4AF8-7C1F-39C4,,Usage,2024-05-08,2024-05-23,"3,909.529",hour,9.773750,9.77
Onix - DFCI - AlDubayan Lab,01DC30-264DCD-B34E70,DFCI-aldubayan-lab--KAnderson-,terra-f64e23e8,firecloud.org > prod > CommunityWorkbench,Cloud DNS,FA26-5236-B8B5,DNS Query (port 53),6DFF-5025-A128,,Usage,2024-05-08,2024-05-23,"16,276,767",count,6.510659,6.51
Onix - DFCI - AlDubayan Lab,01DC30-264DCD-B34E70,DFCI-aldubayan-lab--KAnderson-,terra-f64e23e8,firecloud.org > prod > CommunityWorkbench,Compute Engine,6F81-5844-456A,Network Data Transfer Out via Carrier Peering Network - Americas Based,984A-1F27-2D1F,,Usage,2024-05-08,2024-05-23,26.294,gibibyte,1.051654,1.05
Onix - DFCI - AlDubayan Lab,01DC30-264DCD-B34E70,Aldubayan-lab-DFCI,aldubayan-lab-dfci,broadinstitute.org,Compute Engine,6F81-5844-456A,Network Internet Data Transfer Out from Americas to Australia,FDBC-6E3B-D4D8,,Usage,2024-05-08,2024-05-16,0.002,gibibyte,0.000428,0.00
Onix - DFCI - AlDubayan Lab,01DC30-264DCD-B34E70,DFCI-aldubayan-lab--KAnderson-,terra-f64e23e8,firecloud.org > prod > CommunityWorkbench,Compute Engine,6F81-5844-456A,Network Data Transfer In from Google Services from Americas to Americas,123C-0EFC-B7C8,,Usage,2024-05-08,2024-05-23,"15,061.628",gibibyte,0.000000,0.00
Onix - DFCI - AlDubayan Lab,01DC30-264DCD-B34E70,DFCI-aldubayan-lab--KAnderson-,terra-f64e23e8,firecloud.org > prod > CommunityWorkbench,Compute Engine,6F81-5844-456A,Network Internet Data Transfer In from South America to Americas,1CFF-8100-5F11,,Usage,2024-05-08,2024-05-23,0.001,gibibyte,0.000000,0.00
Onix - DFCI - AlDubayan Lab,01DC30-264DCD-B34E70,DFCI-aldubayan-lab--KAnderson-,terra-f64e23e8,firecloud.org > prod > CommunityWorkbench,Compute Engine,6F81-5844-456A,Network Inter Region Data Transfer In from Americas to Americas,1E55-5CEB-2AB1,,Usage,2024-05-08,2024-05-23,0.035,gibibyte,0.000000,0.00
Onix - DFCI - AlDubayan Lab,01DC30-264DCD-B34E70,DFCI-aldubayan-lab--KAnderson-,terra-f64e23e8,firecloud.org > prod > CommunityWorkbench,Compute Engine,6F81-5844-456A,Network Internet Data Transfer In from EMEA to Americas,2F99-3A90-373B,,Usage,2024-05-08,2024-05-23,0.025,gibibyte,0.000000,0.00
Onix - DFCI - AlDubayan Lab,01DC30-264DCD-B34E70,DFCI-aldubayan-lab--KAnderson-,terra-f64e23e8,firecloud.org > prod > CommunityWorkbench,Compute Engine,6F81-5844-456A,Licensing Fee for Container-Optimized OS - PCID Whitelisted (RAM cost),3D41-4308-45C0,,Usage,2024-05-08,2024-05-23,"30,025.826",gibibyte hour,0.000000,0.00
Onix - DFCI - AlDubayan Lab,01DC30-264DCD-B34E70,DFCI-aldubayan-lab--KAnderson-,terra-f64e23e8,firecloud.org > prod > CommunityWorkbench,Compute Engine,6F81-5844-456A,Network Data Transfer In via Carrier Peering Network - Americas Based,427E-B4F2-B5CF,,Usage,2024-05-08,2024-05-23,"20,229.092",gibibyte,0.000000,0.00
Onix - DFCI - AlDubayan Lab,01DC30-264DCD-B34E70,DFCI-aldubayan-lab--KAnderson-,terra-f64e23e8,firecloud.org > prod > CommunityWorkbench,Compute Engine,6F81-5844-456A,Network Inter Region Data Transfer In from London to Americas,8687-6D6B-5B8B,,Usage,2024-05-08,2024-05-23,0.023,gibibyte,0.000000,0.00
Onix - DFCI - AlDubayan Lab,01DC30-264DCD-B34E70,DFCI-aldubayan-lab--KAnderson-,terra-f64e23e8,firecloud.org > prod > CommunityWorkbench,Compute Engine,6F81-5844-456A,Network Data Transfer to Google Services from Americas to Americas,92CB-C25F-B1D1,,Usage,2024-05-08,2024-05-23,"1,620.388",gibibyte,0.000000,0.00
Onix - DFCI - AlDubayan Lab,01DC30-264DCD-B34E70,DFCI-aldubayan-lab--KAnderson-,terra-f64e23e8,firecloud.org > prod > CommunityWorkbench,Compute Engine,6F81-5844-456A,Network Internet Data Transfer In from Apac(Excluding Korea and Indonesia) to Iowa,93F4-2190-D5EF,,Usage,2024-05-08,2024-05-23,0.01,gibibyte,0.000000,0.00
Onix - DFCI - AlDubayan Lab,01DC30-264DCD-B34E70,DFCI-aldubayan-lab--KAnderson-,terra-f64e23e8,firecloud.org > prod > CommunityWorkbench,Compute Engine,6F81-5844-456A,Licensing Fee for Shielded COS (RAM cost),B0B5-6E19-13AE,,Usage,2024-05-08,2024-05-23,"30,025.826",gibibyte hour,0.000000,0.00
Onix - DFCI - AlDubayan Lab,01DC30-264DCD-B34E70,DFCI-aldubayan-lab--KAnderson-,terra-f64e23e8,firecloud.org > prod > CommunityWorkbench,Compute Engine,6F81-5844-456A,Network Inter Zone Data Transfer In,D0CC-50DF-59D2,,Usage,2024-05-08,2024-05-23,0.039,gibibyte,0.000000,0.00
Onix - DFCI - AlDubayan Lab,01DC30-264DCD-B34E70,DFCI-aldubayan-lab--KAnderson-,terra-f64e23e8,firecloud.org > prod > CommunityWorkbench,Compute Engine,6F81-5844-456A,Network Internet Data Transfer In from Americas to Americas,E926-D07C-E1A4,,Usage,2024-05-08,2024-05-23,0.804,gibibyte,0.000000,0.00
Onix - DFCI - AlDubayan Lab,01DC30-264DCD-B34E70,DFCI-aldubayan-lab--KAnderson-,terra-f64e23e8,firecloud.org > prod > CommunityWorkbench,Compute Engine,6F81-5844-456A,Licensing Fee for Container-Optimized OS from Google (CPU cost),ECCC-9EE4-AEE4,,Usage,2024-05-08,2024-05-23,"3,935.372",hour,0.000000,0.00
Onix - DFCI - AlDubayan Lab,01DC30-264DCD-B34E70,DFCI-aldubayan-lab--KAnderson-,terra-f64e23e8,firecloud.org > prod > CommunityWorkbench,Compute Engine,6F81-5844-456A,Licensing Fee for Container-Optimized OS from Google (RAM cost),F239-15CB-5B98,,Usage,2024-05-08,2024-05-23,"30,025.826",gibibyte hour,0.000000,0.00
Onix - DFCI - AlDubayan Lab,01DC30-264DCD-B34E70,DFCI-aldubayan-lab--KAnderson-,terra-f64e23e8,firecloud.org > prod > CommunityWorkbench,Compute Engine,6F81-5844-456A,Network Internet Data Transfer Out from Americas to Americas,F274-1692-F213,,Usage,2024-05-08,2024-05-23,0.264,gibibyte,0.000000,0.00
Onix - DFCI - AlDubayan Lab,01DC30-264DCD-B34E70,DFCI-aldubayan-lab--KAnderson-,terra-f64e23e8,firecloud.org > prod > CommunityWorkbench,Compute Engine,6F81-5844-456A,Licensing Fee for Container-Optimized OS from Google (CPU cost),FA27-F4A0-3EE3,,Usage,2024-05-08,2024-05-23,"23,490.714",hour,0.000000,0.00
Onix - DFCI - AlDubayan Lab,01DC30-264DCD-B34E70,DFCI-aldubayan-lab--KAnderson-,terra-f64e23e8,firecloud.org > prod > CommunityWorkbench,Cloud Storage,95FF-2EF5-5EA1,Download Worldwide Destinations (excluding Asia & Australia),22EB-AAE8-FBCD,,Usage,2024-05-08,2024-05-29,0.007,gibibyte,0.000000,0.00
Onix - DFCI - AlDubayan Lab,01DC30-264DCD-B34E70,DFCI-aldubayan-lab--KAnderson-,terra-f64e23e8,firecloud.org > prod > CommunityWorkbench,Networking,E505-1604-58F8,Network Intelligence Center Internet to Google Cloud Performance Resource Hours,BDBA-22FA-3925,SPENDING_BASED_DISCOUNT,Usage,2024-05-08,2024-05-23,,,-12.983200,-12.98
Onix - DFCI - AlDubayan Lab,01DC30-264DCD-B34E70,DFCI-aldubayan-lab--KAnderson-,terra-f64e23e8,firecloud.org > prod > CommunityWorkbench,Networking,E505-1604-58F8,Network Intelligence Center Network Analyzer Resource Hours,9BF8-CD36-F9B8,SPENDING_BASED_DISCOUNT,Usage,2024-05-08,2024-05-23,,,-17.851900,-17.85
Onix - DFCI - AlDubayan Lab,01DC30-264DCD-B34E70,DFCI-aldubayan-lab--KAnderson-,terra-f64e23e8,firecloud.org > prod > CommunityWorkbench,Networking,E505-1604-58F8,Network Intelligence Center Topology and Google Cloud Performance Resource Hours,D9AD-28F8-05D8,SPENDING_BASED_DISCOUNT,Usage,2024-05-08,2024-05-23,,,-17.851900,-17.85
Onix - DFCI - AlDubayan Lab,01DC30-264DCD-B34E70,DFCI-aldubayan-lab--KAnderson-,terra-6524346e,firecloud.org > prod > CommunityWorkbench,Compute Engine,6F81-5844-456A,Storage PD Capacity,D973-5D65-BAB2,,Usage,2024-05-07,2024-05-09,0.55,gibibyte month,0.022010,0.02
Onix - DFCI - AlDubayan Lab,01DC30-264DCD-B34E70,DFCI-aldubayan-lab--KAnderson-,terra-6524346e,firecloud.org > prod > CommunityWorkbench,Compute Engine,6F81-5844-456A,Spot Preemptible Custom Instance Core running in Americas,4A30-9DBE-ECEA,,Usage,2024-05-07,2024-05-07,3.078,hour,0.020406,0.02
Onix - DFCI - AlDubayan Lab,01DC30-264DCD-B34E70,DFCI-aldubayan-lab--KAnderson-,terra-6524346e,firecloud.org > prod > CommunityWorkbench,Compute Engine,6F81-5844-456A,Spot Preemptible Custom Instance Ram running in Americas,AFAD-A1BD-4F9C,,Usage,2024-05-07,2024-05-07,19.701,gibibyte hour,0.017592,0.02
Onix - DFCI - AlDubayan Lab,01DC30-264DCD-B34E70,DFCI-aldubayan-lab--KAnderson-,terra-6524346e,firecloud.org > prod > CommunityWorkbench,Networking,E505-1604-58F8,Network Intelligence Center Network Analyzer Resource Hours,9BF8-CD36-F9B8,,Usage,2024-05-07,2024-05-09,3,count,0.003300,0.00
Onix - DFCI - AlDubayan Lab,01DC30-264DCD-B34E70,DFCI-aldubayan-lab--KAnderson-,terra-6524346e,firecloud.org > prod > CommunityWorkbench,Networking,E505-1604-58F8,Network Intelligence Center Topology and Google Cloud Performance Resource Hours,D9AD-28F8-05D8,,Usage,2024-05-07,2024-05-09,3,count,0.003300,0.00
Onix - DFCI - AlDubayan Lab,01DC30-264DCD-B34E70,DFCI-aldubayan-lab--KAnderson-,terra-6524346e,firecloud.org > prod > CommunityWorkbench,Networking,E505-1604-58F8,Network Intelligence Center Internet to Google Cloud Performance Resource Hours,BDBA-22FA-3925,,Usage,2024-05-07,2024-05-09,3,count,0.002400,0.00
Onix - DFCI - AlDubayan Lab,01DC30-264DCD-B34E70,DFCI-aldubayan-lab--KAnderson-,terra-6524346e,firecloud.org > prod > CommunityWorkbench,Compute Engine,6F81-5844-456A,External IP Charge on a Spot Preemptible VM,4AF8-7C1F-39C4,,Usage,2024-05-07,2024-05-07,0.308,hour,0.000768,0.00
Onix - DFCI - AlDubayan Lab,01DC30-264DCD-B34E70,DFCI-aldubayan-lab--KAnderson-,terra-6524346e,firecloud.org > prod > CommunityWorkbench,Cloud DNS,FA26-5236-B8B5,DNS Query (port 53),6DFF-5025-A128,,Usage,2024-05-07,2024-05-09,787,count,0.000305,0.00
Onix - DFCI - AlDubayan Lab,01DC30-264DCD-B34E70,DFCI-aldubayan-lab--KAnderson-,terra-6524346e,firecloud.org > prod > CommunityWorkbench,Compute Engine,6F81-5844-456A,Network Data Transfer Out via Carrier Peering Network - Americas Based,984A-1F27-2D1F,,Usage,2024-05-07,2024-05-07,0.002,gibibyte,0.000079,0.00
Onix - DFCI - AlDubayan Lab,01DC30-264DCD-B34E70,DFCI-aldubayan-lab--UKB-Prosta,terra-8683ccbe,firecloud.org > prod > CommunityWorkbench,Cloud Storage,95FF-2EF5-5EA1,Autoclass Archive Storage Iowa,8EBD-1734-FF50,,Usage,2024-05-07,2024-05-30,0.055,gibibyte month,0.000047,0.00
Onix - DFCI - AlDubayan Lab,01DC30-264DCD-B34E70,DFCI-aldubayan-lab--KAnderson-,terra-6524346e,firecloud.org > prod > CommunityWorkbench,Compute Engine,6F81-5844-456A,Network Data Transfer In from Google Services from Americas to Americas,123C-0EFC-B7C8,,Usage,2024-05-07,2024-05-09,101.459,gibibyte,0.000000,0.00
Onix - DFCI - AlDubayan Lab,01DC30-264DCD-B34E70,DFCI-aldubayan-lab--KAnderson-,terra-6524346e,firecloud.org > prod > CommunityWorkbench,Compute Engine,6F81-5844-456A,Licensing Fee for Container-Optimized OS - PCID Whitelisted (RAM cost),3D41-4308-45C0,,Usage,2024-05-07,2024-05-09,20.801,gibibyte hour,0.000000,0.00
Onix - DFCI - AlDubayan Lab,01DC30-264DCD-B34E70,DFCI-aldubayan-lab--KAnderson-,terra-6524346e,firecloud.org > prod > CommunityWorkbench,Compute Engine,6F81-5844-456A,Network Data Transfer In via Carrier Peering Network - Americas Based,427E-B4F2-B5CF,,Usage,2024-05-07,2024-05-09,1.698,gibibyte,0.000000,0.00
Onix - DFCI - AlDubayan Lab,01DC30-264DCD-B34E70,DFCI-aldubayan-lab--KAnderson-,terra-6524346e,firecloud.org > prod > CommunityWorkbench,Compute Engine,6F81-5844-456A,Network Data Transfer to Google Services from Americas to Americas,92CB-C25F-B1D1,,Usage,2024-05-07,2024-05-09,0.131,gibibyte,0.000000,0.00
Onix - DFCI - AlDubayan Lab,01DC30-264DCD-B34E70,DFCI-aldubayan-lab--KAnderson-,terra-6524346e,firecloud.org > prod > CommunityWorkbench,Compute Engine,6F81-5844-456A,Licensing Fee for Shielded COS (RAM cost),B0B5-6E19-13AE,,Usage,2024-05-07,2024-05-09,20.801,gibibyte hour,0.000000,0.00
Onix - DFCI - AlDubayan Lab,01DC30-264DCD-B34E70,DFCI-aldubayan-lab--KAnderson-,terra-6524346e,firecloud.org > prod > CommunityWorkbench,Compute Engine,6F81-5844-456A,Licensing Fee for Container-Optimized OS from Google (CPU cost),ECCC-9EE4-AEE4,,Usage,2024-05-07,2024-05-09,0.602,hour,0.000000,0.00
Onix - DFCI - AlDubayan Lab,01DC30-264DCD-B34E70,DFCI-aldubayan-lab--KAnderson-,terra-6524346e,firecloud.org > prod > CommunityWorkbench,Compute Engine,6F81-5844-456A,Licensing Fee for Container-Optimized OS from Google (RAM cost),F239-15CB-5B98,,Usage,2024-05-07,2024-05-09,20.801,gibibyte hour,0.000000,0.00
Onix - DFCI - AlDubayan Lab,01DC30-264DCD-B34E70,DFCI-aldubayan-lab--KAnderson-,terra-6524346e,firecloud.org > prod > CommunityWorkbench,Compute Engine,6F81-5844-456A,Licensing Fee for Container-Optimized OS from Google (CPU cost),FA27-F4A0-3EE3,,Usage,2024-05-07,2024-05-09,3.372,hour,0.000000,0.00
Onix - DFCI - AlDubayan Lab,01DC30-264DCD-B34E70,DFCI-aldubayan-lab--KAnderson-,terra-6524346e,firecloud.org > prod > CommunityWorkbench,Networking,E505-1604-58F8,Network Intelligence Center Internet to Google Cloud Performance Resource Hours,BDBA-22FA-3925,SPENDING_BASED_DISCOUNT,Usage,2024-05-07,2024-05-09,,,-0.002400,-0.00
Onix - DFCI - AlDubayan Lab,01DC30-264DCD-B34E70,DFCI-aldubayan-lab--KAnderson-,terra-6524346e,firecloud.org > prod > CommunityWorkbench,Networking,E505-1604-58F8,Network Intelligence Center Network Analyzer Resource Hours,9BF8-CD36-F9B8,SPENDING_BASED_DISCOUNT,Usage,2024-05-07,2024-05-09,,,-0.003300,-0.00
Onix - DFCI - AlDubayan Lab,01DC30-264DCD-B34E70,DFCI-aldubayan-lab--KAnderson-,terra-6524346e,firecloud.org > prod > CommunityWorkbench,Networking,E505-1604-58F8,Network Intelligence Center Topology and Google Cloud Performance Resource Hours,D9AD-28F8-05D8,SPENDING_BASED_DISCOUNT,Usage,2024-05-07,2024-05-09,,,-0.003300,-0.00
Onix - DFCI - AlDubayan Lab,01DC30-264DCD-B34E70,vanallen-aldubayan-lab--arab-b,terra-7036173e,firecloud.org > prod > CommunityWorkbench,Cloud Storage,95FF-2EF5-5EA1,Regional Standard Class B Operations,7870-010B-2763,,Usage,2024-05-06,2024-05-06,11,count,0.000000,0.00
Onix - DFCI - AlDubayan Lab,01DC30-264DCD-B34E70,Aldubayan-lab-DFCI,aldubayan-lab-dfci,broadinstitute.org,Compute Engine,6F81-5844-456A,E2 Instance Core running in Americas,CF4E-A0C7-E3BF,,Usage,2024-05-03,2024-05-29,566.331,hour,12.352503,12.35
Onix - DFCI - AlDubayan Lab,01DC30-264DCD-B34E70,Aldubayan-lab-DFCI,aldubayan-lab-dfci,broadinstitute.org,Compute Engine,6F81-5844-456A,E2 Instance Ram running in Americas,F449-33EC-A5EF,,Usage,2024-05-03,2024-05-29,"2,265.326",gibibyte hour,6.622674,6.62
Onix - DFCI - AlDubayan Lab,01DC30-264DCD-B34E70,Aldubayan-lab-DFCI,aldubayan-lab-dfci,broadinstitute.org,Networking,E505-1604-58F8,Firewall Policy coverage for regular Firewall Policies (with less or equal to 500 attributes),7E88-A550-21F6,,Usage,2024-05-03,2024-05-20,0.094,month,0.094080,0.09
Onix - DFCI - AlDubayan Lab,01DC30-264DCD-B34E70,Aldubayan-lab-DFCI,aldubayan-lab-dfci,broadinstitute.org,Networking,E505-1604-58F8,Network Intelligence Center Network Analyzer Resource Hours,9BF8-CD36-F9B8,,Usage,2024-05-03,2024-05-29,62,count,0.068200,0.07
Onix - DFCI - AlDubayan Lab,01DC30-264DCD-B34E70,Aldubayan-lab-DFCI,aldubayan-lab-dfci,broadinstitute.org,Networking,E505-1604-58F8,Network Intelligence Center Topology and Google Cloud Performance Resource Hours,D9AD-28F8-05D8,,Usage,2024-05-03,2024-05-29,62,count,0.068200,0.07
Onix - DFCI - AlDubayan Lab,01DC30-264DCD-B34E70,Aldubayan-lab-DFCI,aldubayan-lab-dfci,broadinstitute.org,Networking,E505-1604-58F8,Network Intelligence Center Internet to Google Cloud Performance Resource Hours,BDBA-22FA-3925,,Usage,2024-05-03,2024-05-29,62,count,0.049600,0.05
Onix - DFCI - AlDubayan Lab,01DC30-264DCD-B34E70,Aldubayan-lab-DFCI,aldubayan-lab-dfci,broadinstitute.org,Compute Engine,6F81-5844-456A,External IP Charge on a Standard VM,C054-7F72-A02E,,Usage,2024-05-03,2024-05-29,70.79,hour,0.000884,0.00
Onix - DFCI - AlDubayan Lab,01DC30-264DCD-B34E70,Aldubayan-lab-DFCI,aldubayan-lab-dfci,broadinstitute.org,Compute Engine,6F81-5844-456A,Network Data Transfer Out via Carrier Peering Network - Americas Based,984A-1F27-2D1F,,Usage,2024-05-03,2024-05-20,0.001,gibibyte,0.000023,0.00
Onix - DFCI - AlDubayan Lab,01DC30-264DCD-B34E70,DFCI-aldubayan-lab--KAnderson-,terra-6524346e,firecloud.org > prod > CommunityWorkbench,Cloud Storage,95FF-2EF5-5EA1,Multi-Region Standard Class B Operations,8AE7-5BBD-8F38,,Usage,2024-05-03,2024-05-21,54,count,0.000016,0.00
Onix - DFCI - AlDubayan Lab,01DC30-264DCD-B34E70,Aldubayan-lab-DFCI,aldubayan-lab-dfci,broadinstitute.org,Compute Engine,6F81-5844-456A,Network Internet Data Transfer Out from Americas to Americas,F274-1692-F213,,Usage,2024-05-03,2024-05-29,0.008,gibibyte,0.000012,0.00
Onix - DFCI - AlDubayan Lab,01DC30-264DCD-B34E70,Aldubayan-lab-DFCI,aldubayan-lab-dfci,broadinstitute.org,Compute Engine,6F81-5844-456A,Network Internet Data Transfer In from Australia to Americas,773D-F52D-63CD,,Usage,2024-05-03,2024-05-20,0.002,gibibyte,0.000000,0.00
Onix - DFCI - AlDubayan Lab,01DC30-264DCD-B34E70,Aldubayan-lab-DFCI,aldubayan-lab-dfci,broadinstitute.org,Compute Engine,6F81-5844-456A,Network Inter Zone Data Transfer In,D0CC-50DF-59D2,,Usage,2024-05-03,2024-05-20,0.133,gibibyte,0.000000,0.00
Onix - DFCI - AlDubayan Lab,01DC30-264DCD-B34E70,Aldubayan-lab-DFCI,aldubayan-lab-dfci,broadinstitute.org,Compute Engine,6F81-5844-456A,Network Data Transfer In from Google Services from Americas to Americas,123C-0EFC-B7C8,,Usage,2024-05-03,2024-05-29,9.743,gibibyte,0.000000,0.00
Onix - DFCI - AlDubayan Lab,01DC30-264DCD-B34E70,Aldubayan-lab-DFCI,aldubayan-lab-dfci,broadinstitute.org,Compute Engine,6F81-5844-456A,Network Inter Region Data Transfer In from Americas to Americas,1E55-5CEB-2AB1,,Usage,2024-05-03,2024-05-29,0.006,gibibyte,0.000000,0.00
Onix - DFCI - AlDubayan Lab,01DC30-264DCD-B34E70,Aldubayan-lab-DFCI,aldubayan-lab-dfci,broadinstitute.org,Compute Engine,6F81-5844-456A,Network Internet Data Transfer In from EMEA to Americas,2F99-3A90-373B,,Usage,2024-05-03,2024-05-29,0.005,gibibyte,0.000000,0.00
Onix - DFCI - AlDubayan Lab,01DC30-264DCD-B34E70,Aldubayan-lab-DFCI,aldubayan-lab-dfci,broadinstitute.org,Compute Engine,6F81-5844-456A,Network Internet Data Transfer Out from Iowa to Apac(Excluding Korea and Indonesia),378D-6896-1041,,Usage,2024-05-03,2024-05-29,0.004,gibibyte,0.000000,0.00
Onix - DFCI - AlDubayan Lab,01DC30-264DCD-B34E70,Aldubayan-lab-DFCI,aldubayan-lab-dfci,broadinstitute.org,Compute Engine,6F81-5844-456A,Network Data Transfer In via Carrier Peering Network - Americas Based,427E-B4F2-B5CF,,Usage,2024-05-03,2024-05-29,0.74,gibibyte,0.000000,0.00
Onix - DFCI - AlDubayan Lab,01DC30-264DCD-B34E70,Aldubayan-lab-DFCI,aldubayan-lab-dfci,broadinstitute.org,Compute Engine,6F81-5844-456A,Network Data Transfer to Google Services from Americas to Americas,92CB-C25F-B1D1,,Usage,2024-05-03,2024-05-29,24.979,gibibyte,0.000000,0.00
Onix - DFCI - AlDubayan Lab,01DC30-264DCD-B34E70,Aldubayan-lab-DFCI,aldubayan-lab-dfci,broadinstitute.org,Compute Engine,6F81-5844-456A,Network Internet Data Transfer In from Apac(Excluding Korea and Indonesia) to Iowa,93F4-2190-D5EF,,Usage,2024-05-03,2024-05-29,0.004,gibibyte,0.000000,0.00
Onix - DFCI - AlDubayan Lab,01DC30-264DCD-B34E70,Aldubayan-lab-DFCI,aldubayan-lab-dfci,broadinstitute.org,Compute Engine,6F81-5844-456A,Licensing Fee for Ubuntu 20.04 LTS (Focal Fossa) (RAM cost),A40C-DDB6-A932,,Usage,2024-05-03,2024-05-29,"2,265.289",gibibyte hour,0.000000,0.00
Onix - DFCI - AlDubayan Lab,01DC30-264DCD-B34E70,Aldubayan-lab-DFCI,aldubayan-lab-dfci,broadinstitute.org,Compute Engine,6F81-5844-456A,Licensing Fee for Ubuntu 20.04 LTS (Focal Fossa) (CPU cost),D39A-E0A6-C301,,Usage,2024-05-03,2024-05-29,566.331,hour,0.000000,0.00
Onix - DFCI - AlDubayan Lab,01DC30-264DCD-B34E70,Aldubayan-lab-DFCI,aldubayan-lab-dfci,broadinstitute.org,Compute Engine,6F81-5844-456A,Licensing Fee for Ubuntu 20.04 LTS (Focal Fossa) (CPU cost),DF89-9851-3C54,,Usage,2024-05-03,2024-05-29,70.79,hour,0.000000,0.00
Onix - DFCI - AlDubayan Lab,01DC30-264DCD-B34E70,Aldubayan-lab-DFCI,aldubayan-lab-dfci,broadinstitute.org,Compute Engine,6F81-5844-456A,Network Internet Data Transfer Out from Americas to EMEA,DFA5-B5C6-36D6,,Usage,2024-05-03,2024-05-29,0.003,gibibyte,0.000000,0.00
Onix - DFCI - AlDubayan Lab,01DC30-264DCD-B34E70,Aldubayan-lab-DFCI,aldubayan-lab-dfci,broadinstitute.org,Compute Engine,6F81-5844-456A,Network Internet Data Transfer In from Americas to Americas,E926-D07C-E1A4,,Usage,2024-05-03,2024-05-29,1.529,gibibyte,0.000000,0.00
Onix - DFCI - AlDubayan Lab,01DC30-264DCD-B34E70,Aldubayan-lab-DFCI,aldubayan-lab-dfci,broadinstitute.org,Networking,E505-1604-58F8,Network Intelligence Center Internet to Google Cloud Performance Resource Hours,BDBA-22FA-3925,SPENDING_BASED_DISCOUNT,Usage,2024-05-03,2024-05-29,,,-0.049600,-0.05
Onix - DFCI - AlDubayan Lab,01DC30-264DCD-B34E70,Aldubayan-lab-DFCI,aldubayan-lab-dfci,broadinstitute.org,Networking,E505-1604-58F8,Network Intelligence Center Network Analyzer Resource Hours,9BF8-CD36-F9B8,SPENDING_BASED_DISCOUNT,Usage,2024-05-03,2024-05-29,,,-0.068200,-0.07
Onix - DFCI - AlDubayan Lab,01DC30-264DCD-B34E70,Aldubayan-lab-DFCI,aldubayan-lab-dfci,broadinstitute.org,Networking,E505-1604-58F8,Network Intelligence Center Topology and Google Cloud Performance Resource Hours,D9AD-28F8-05D8,SPENDING_BASED_DISCOUNT,Usage,2024-05-03,2024-05-29,,,-0.068200,-0.07
Onix - DFCI - AlDubayan Lab,01DC30-264DCD-B34E70,DFCI-aldubayan-lab--KAnderson-,terra-f64e23e8,firecloud.org > prod > CommunityWorkbench,Cloud Storage,95FF-2EF5-5EA1,Regional Autoclass Standard Class B Operations,5BE8-FE77-1C76,,Usage,2024-05-02,2024-05-30,"9,198,782",count,3.660166,3.66
Onix - DFCI - AlDubayan Lab,01DC30-264DCD-B34E70,DFCI-aldubayan-lab--KAnderson-,terra-f64e23e8,firecloud.org > prod > CommunityWorkbench,Cloud Storage,95FF-2EF5-5EA1,Multi-Region Standard Class A Operations,9ADA-9AED-1B24,,Usage,2024-05-02,2024-05-29,"1,196",count,0.011960,0.01
Onix - DFCI - AlDubayan Lab,01DC30-264DCD-B34E70,DFCI-aldubayan-lab--KAnderson-,terra-f64e23e8,firecloud.org > prod > CommunityWorkbench,Cloud Storage,95FF-2EF5-5EA1,Network Data Transfer GCP Multi-region within Northern America,3C8A-99C5-F47B,,Usage,2024-05-02,2024-05-29,0.024,gibibyte,0.000463,0.00
Onix - DFCI - AlDubayan Lab,01DC30-264DCD-B34E70,DFCI-aldubayan-lab--KAnderson-,terra-47075a46,firecloud.org > prod > CommunityWorkbench,Cloud Storage,95FF-2EF5-5EA1,Multi-Region Standard Class A Operations,9ADA-9AED-1B24,,Usage,2024-05-02,2024-05-09,29,count,0.000290,0.00
Onix - DFCI - AlDubayan Lab,01DC30-264DCD-B34E70,DFCI-aldubayan-lab--KAnderson-,terra-47075a46,firecloud.org > prod > CommunityWorkbench,Cloud Storage,95FF-2EF5-5EA1,Network Data Transfer GCP Multi-region within Northern America,3C8A-99C5-F47B,,Usage,2024-05-02,2024-05-09,0.006,gibibyte,0.000110,0.00
Onix - DFCI - AlDubayan Lab,01DC30-264DCD-B34E70,DFCI-aldubayan-lab--KAnderson-,terra-f64e23e8,firecloud.org > prod > CommunityWorkbench,Cloud Storage,95FF-2EF5-5EA1,Multi-Region Standard Class B Operations,8AE7-5BBD-8F38,,Usage,2024-05-02,2024-05-29,147,count,0.000048,0.00
Onix - DFCI - AlDubayan Lab,01DC30-264DCD-B34E70,DFCI-aldubayan-lab--KAnderson-,terra-47075a46,firecloud.org > prod > CommunityWorkbench,Cloud Storage,95FF-2EF5-5EA1,Regional Autoclass Standard Class A Operations,B7C3-7672-190E,,Usage,2024-05-02,2024-05-09,10,count,0.000040,0.00
Onix - DFCI - AlDubayan Lab,01DC30-264DCD-B34E70,DFCI-aldubayan-lab--KAnderson-,terra-47075a46,firecloud.org > prod > CommunityWorkbench,Cloud Storage,95FF-2EF5-5EA1,Regional Autoclass Standard Class B Operations,5BE8-FE77-1C76,,Usage,2024-05-02,2024-05-09,72,count,0.000024,0.00
Onix - DFCI - AlDubayan Lab,01DC30-264DCD-B34E70,DFCI-aldubayan-lab--KAnderson-,terra-47075a46,firecloud.org > prod > CommunityWorkbench,Cloud Storage,95FF-2EF5-5EA1,Multi-Region Standard Class B Operations,8AE7-5BBD-8F38,,Usage,2024-05-02,2024-05-09,29,count,0.000010,0.00
Onix - DFCI - AlDubayan Lab,01DC30-264DCD-B34E70,DFCI-aldubayan-lab--KAnderson-,terra-f64e23e8,firecloud.org > prod > CommunityWorkbench,Compute Engine,6F81-5844-456A,Storage PD Capacity,D973-5D65-BAB2,,Usage,2024-05-01,2024-05-31,921.122,gibibyte month,36.770083,36.77
Onix - DFCI - AlDubayan Lab,01DC30-264DCD-B34E70,vanallen-aldubayan-lab--VanAll,terra-cfa1b7e3,firecloud.org > prod > CommunityWorkbench,Compute Engine,6F81-5844-456A,Storage PD Capacity,D973-5D65-BAB2,,Usage,2024-05-01,2024-05-31,299.202,gibibyte month,11.893946,11.89
Onix - DFCI - AlDubayan Lab,01DC30-264DCD-B34E70,vanallen-aldubayan-lab--arab-b,terra-d3c999a2,firecloud.org > prod > CommunityWorkbench,Compute Engine,6F81-5844-456A,Storage PD Capacity,D973-5D65-BAB2,,Usage,2024-05-01,2024-05-31,49.867,gibibyte month,1.981763,1.98
Onix - DFCI - AlDubayan Lab,01DC30-264DCD-B34E70,DFCI-aldubayan-lab--ALDUBAYAN-,terra-a8d893d5,firecloud.org > prod > CommunityWorkbench,Cloud DNS,FA26-5236-B8B5,ManagedZone,8C22-6FC3-D478,,Usage,2024-05-01,2024-05-31,0.997,month,0.181570,0.18
Onix - DFCI - AlDubayan Lab,01DC30-264DCD-B34E70,DFCI-aldubayan-lab--UKB-Prosta,terra-505abd81,firecloud.org > prod > CommunityWorkbench,Cloud DNS,FA26-5236-B8B5,ManagedZone,8C22-6FC3-D478,,Usage,2024-05-01,2024-05-31,0.997,month,0.181570,0.18
Onix - DFCI - AlDubayan Lab,01DC30-264DCD-B34E70,DFCI-aldubayan-lab--arab-breas,terra-968d3cde,firecloud.org > prod > CommunityWorkbench,Cloud DNS,FA26-5236-B8B5,ManagedZone,8C22-6FC3-D478,,Usage,2024-05-01,2024-05-31,0.997,month,0.181570,0.18
Onix - DFCI - AlDubayan Lab,01DC30-264DCD-B34E70,vanallen-aldubayan-lab--QATR-W,terra-d7327e81,firecloud.org > prod > CommunityWorkbench,Cloud DNS,FA26-5236-B8B5,ManagedZone,8C22-6FC3-D478,,Usage,2024-05-01,2024-05-31,0.997,month,0.181570,0.18
Onix - DFCI - AlDubayan Lab,01DC30-264DCD-B34E70,DFCI-aldubayan-lab--2022-CarT-,terra-9ebea4f1,firecloud.org > prod > CommunityWorkbench,Cloud DNS,FA26-5236-B8B5,ManagedZone,8C22-6FC3-D478,,Usage,2024-05-01,2024-05-31,0.997,month,0.181436,0.18
Onix - DFCI - AlDubayan Lab,01DC30-264DCD-B34E70,DFCI-aldubayan-lab--An-Angiosa,terra-b588851c,firecloud.org > prod > CommunityWorkbench,Cloud DNS,FA26-5236-B8B5,ManagedZone,8C22-6FC3-D478,,Usage,2024-05-01,2024-05-31,0.997,month,0.181436,0.18
Onix - DFCI - AlDubayan Lab,01DC30-264DCD-B34E70,DFCI-aldubayan-lab--Dasman-Ins,terra-e2f9491f,firecloud.org > prod > CommunityWorkbench,Cloud DNS,FA26-5236-B8B5,ManagedZone,8C22-6FC3-D478,,Usage,2024-05-01,2024-05-31,0.997,month,0.181436,0.18
Onix - DFCI - AlDubayan Lab,01DC30-264DCD-B34E70,DFCI-aldubayan-lab--Germline-A,terra-730ce996,firecloud.org > prod > CommunityWorkbench,Cloud DNS,FA26-5236-B8B5,ManagedZone,8C22-6FC3-D478,,Usage,2024-05-01,2024-05-31,0.997,month,0.181436,0.18
Onix - DFCI - AlDubayan Lab,01DC30-264DCD-B34E70,DFCI-aldubayan-lab--Germline-A,terra-848dfcb8,firecloud.org > prod > CommunityWorkbench,Cloud DNS,FA26-5236-B8B5,ManagedZone,8C22-6FC3-D478,,Usage,2024-05-01,2024-05-31,0.997,month,0.181436,0.18
Onix - DFCI - AlDubayan Lab,01DC30-264DCD-B34E70,DFCI-aldubayan-lab--KAnderson-,terra-f64e23e8,firecloud.org > prod > CommunityWorkbench,Cloud DNS,FA26-5236-B8B5,ManagedZone,8C22-6FC3-D478,,Usage,2024-05-01,2024-05-31,0.997,month,0.181436,0.18
Onix - DFCI - AlDubayan Lab,01DC30-264DCD-B34E70,DFCI-aldubayan-lab--KAnderson-,terra-63e3dc8c,firecloud.org > prod > CommunityWorkbench,Cloud DNS,FA26-5236-B8B5,ManagedZone,8C22-6FC3-D478,,Usage,2024-05-01,2024-05-31,0.997,month,0.181436,0.18
Onix - DFCI - AlDubayan Lab,01DC30-264DCD-B34E70,DFCI-aldubayan-lab--KAnderson-,terra-6524346e,firecloud.org > prod > CommunityWorkbench,Cloud DNS,FA26-5236-B8B5,ManagedZone,8C22-6FC3-D478,,Usage,2024-05-01,2024-05-31,0.997,month,0.181436,0.18
Onix - DFCI - AlDubayan Lab,01DC30-264DCD-B34E70,DFCI-aldubayan-lab--KAnderson-,terra-a7f38bfa,firecloud.org > prod > CommunityWorkbench,Cloud DNS,FA26-5236-B8B5,ManagedZone,8C22-6FC3-D478,,Usage,2024-05-01,2024-05-31,0.997,month,0.181436,0.18
Onix - DFCI - AlDubayan Lab,01DC30-264DCD-B34E70,DFCI-aldubayan-lab--KAnderson-,terra-47075a46,firecloud.org > prod > CommunityWorkbench,Cloud DNS,FA26-5236-B8B5,ManagedZone,8C22-6FC3-D478,,Usage,2024-05-01,2024-05-31,0.997,month,0.181436,0.18
Onix - DFCI - AlDubayan Lab,01DC30-264DCD-B34E70,DFCI-aldubayan-lab--MID-Ciliop,terra-881a3ee1,firecloud.org > prod > CommunityWorkbench,Cloud DNS,FA26-5236-B8B5,ManagedZone,8C22-6FC3-D478,,Usage,2024-05-01,2024-05-31,0.997,month,0.181436,0.18
Onix - DFCI - AlDubayan Lab,01DC30-264DCD-B34E70,DFCI-aldubayan-lab--TCGA-BRCA-,terra-46b708b9,firecloud.org > prod > CommunityWorkbench,Cloud DNS,FA26-5236-B8B5,ManagedZone,8C22-6FC3-D478,,Usage,2024-05-01,2024-05-31,0.997,month,0.181436,0.18
Onix - DFCI - AlDubayan Lab,01DC30-264DCD-B34E70,DFCI-aldubayan-lab--UKB-Prosta,terra-8683ccbe,firecloud.org > prod > CommunityWorkbench,Cloud DNS,FA26-5236-B8B5,ManagedZone,8C22-6FC3-D478,,Usage,2024-05-01,2024-05-31,0.997,month,0.181436,0.18
Onix - DFCI - AlDubayan Lab,01DC30-264DCD-B34E70,DFCI-aldubayan-lab--UKbio-cont,terra-0df969ce,firecloud.org > prod > CommunityWorkbench,Cloud DNS,FA26-5236-B8B5,ManagedZone,8C22-6FC3-D478,,Usage,2024-05-01,2024-05-31,0.997,month,0.181436,0.18
Onix - DFCI - AlDubayan Lab,01DC30-264DCD-B34E70,DFCI-aldubayan-lab--germline-I,terra-f53bdaca,firecloud.org > prod > CommunityWorkbench,Cloud DNS,FA26-5236-B8B5,ManagedZone,8C22-6FC3-D478,,Usage,2024-05-01,2024-05-31,0.997,month,0.181436,0.18
Onix - DFCI - AlDubayan Lab,01DC30-264DCD-B34E70,DFCI-aldubayan-lab--rjain-test,terra-dfba15b5,firecloud.org > prod > CommunityWorkbench,Cloud DNS,FA26-5236-B8B5,ManagedZone,8C22-6FC3-D478,,Usage,2024-05-01,2024-05-31,0.997,month,0.181436,0.18
Onix - DFCI - AlDubayan Lab,01DC30-264DCD-B34E70,vanallen-aldubayan-lab--1KG-WG,terra-36811ab6,firecloud.org > prod > CommunityWorkbench,Cloud DNS,FA26-5236-B8B5,ManagedZone,8C22-6FC3-D478,,Usage,2024-05-01,2024-05-31,0.997,month,0.181436,0.18
Onix - DFCI - AlDubayan Lab,01DC30-264DCD-B34E70,vanallen-aldubayan-lab--PRS-Ma,terra-46e8b1dd,firecloud.org > prod > CommunityWorkbench,Cloud DNS,FA26-5236-B8B5,ManagedZone,8C22-6FC3-D478,,Usage,2024-05-01,2024-05-31,0.997,month,0.181436,0.18
Onix - DFCI - AlDubayan Lab,01DC30-264DCD-B34E70,vanallen-aldubayan-lab--QATR-1,terra-af1a7acf,firecloud.org > prod > CommunityWorkbench,Cloud DNS,FA26-5236-B8B5,ManagedZone,8C22-6FC3-D478,,Usage,2024-05-01,2024-05-31,0.997,month,0.181436,0.18
Onix - DFCI - AlDubayan Lab,01DC30-264DCD-B34E70,vanallen-aldubayan-lab--UKbio-,terra-8392b651,firecloud.org > prod > CommunityWorkbench,Cloud DNS,FA26-5236-B8B5,ManagedZone,8C22-6FC3-D478,,Usage,2024-05-01,2024-05-31,0.997,month,0.181436,0.18
Onix - DFCI - AlDubayan Lab,01DC30-264DCD-B34E70,vanallen-aldubayan-lab--VanAll,terra-cfa1b7e3,firecloud.org > prod > CommunityWorkbench,Cloud DNS,FA26-5236-B8B5,ManagedZone,8C22-6FC3-D478,,Usage,2024-05-01,2024-05-31,0.997,month,0.181436,0.18
Onix - DFCI - AlDubayan Lab,01DC30-264DCD-B34E70,vanallen-aldubayan-lab--arab-b,terra-d3c999a2,firecloud.org > prod > CommunityWorkbench,Cloud DNS,FA26-5236-B8B5,ManagedZone,8C22-6FC3-D478,,Usage,2024-05-01,2024-05-31,0.997,month,0.181436,0.18
Onix - DFCI - AlDubayan Lab,01DC30-264DCD-B34E70,vanallen-aldubayan-lab--arab-b,terra-7036173e,firecloud.org > prod > CommunityWorkbench,Cloud DNS,FA26-5236-B8B5,ManagedZone,8C22-6FC3-D478,,Usage,2024-05-01,2024-05-31,0.997,month,0.181436,0.18
Onix - DFCI - AlDubayan Lab,01DC30-264DCD-B34E70,vanallen-aldubayan-lab--germli,terra-336dd9a6,firecloud.org > prod > CommunityWorkbench,Cloud DNS,FA26-5236-B8B5,ManagedZone,8C22-6FC3-D478,,Usage,2024-05-01,2024-05-31,0.997,month,0.181436,0.18
Onix - DFCI - AlDubayan Lab,01DC30-264DCD-B34E70,DFCI-aldubayan-lab--KAnderson-,terra-f64e23e8,firecloud.org > prod > CommunityWorkbench,Cloud Storage,95FF-2EF5-5EA1,Network Data Transfer GCP Replication within Northern America,AED0-3315-7B11,,Usage,2024-05-01,2024-05-30,0.003,gibibyte,0.000067,0.00
Onix - DFCI - AlDubayan Lab,01DC30-264DCD-B34E70,Aldubayan-lab-DFCI,aldubayan-lab-dfci,broadinstitute.org,Cloud Logging,5490-F7B7-8DF6,Log Storage cost,143F-A1B0-E0BE,,Usage,2024-05-01,2024-05-31,0.027,gibibyte,0.000000,0.00
Onix - DFCI - AlDubayan Lab,01DC30-264DCD-B34E70,DFCI-aldubayan-lab--KAnderson-,terra-f64e23e8,firecloud.org > prod > CommunityWorkbench,Cloud Logging,5490-F7B7-8DF6,Log Storage cost,143F-A1B0-E0BE,,Usage,2024-05-01,2024-05-31,21.556,gibibyte,0.000000,0.00
Onix - DFCI - AlDubayan Lab,01DC30-264DCD-B34E70,DFCI-aldubayan-lab--KAnderson-,terra-6524346e,firecloud.org > prod > CommunityWorkbench,Cloud Logging,5490-F7B7-8DF6,Log Storage cost,143F-A1B0-E0BE,,Usage,2024-05-01,2024-05-31,0.005,gibibyte,0.000000,0.00
Onix - DFCI - AlDubayan Lab,01DC30-264DCD-B34E70,DFCI-aldubayan-lab--KAnderson-,terra-47075a46,firecloud.org > prod > CommunityWorkbench,Cloud Logging,5490-F7B7-8DF6,Log Storage cost,143F-A1B0-E0BE,,Usage,2024-05-01,2024-05-31,0.001,gibibyte,0.000000,0.00
Onix - DFCI - AlDubayan Lab,01DC30-264DCD-B34E70,ProjectCostEstimte,projectcostestimte,broadinstitute.org,Cloud Logging,5490-F7B7-8DF6,Log Storage cost,143F-A1B0-E0BE,,Usage,2024-05-01,2024-05-31,0.008,gibibyte,0.000000,0.00
Onix - DFCI - AlDubayan Lab,01DC30-264DCD-B34E70,vanallen-aldubayan-lab,vanallen-aldubayan-lab,firecloud.org,Cloud Logging,5490-F7B7-8DF6,Log Storage cost,143F-A1B0-E0BE,,Usage,2024-05-01,2024-05-31,0.001,gibibyte,0.000000,0.00
Onix - DFCI - AlDubayan Lab,01DC30-264DCD-B34E70,vanallen-aldubayan-lab--QATR-1,terra-af1a7acf,firecloud.org > prod > CommunityWorkbench,Cloud Logging,5490-F7B7-8DF6,Log Storage cost,143F-A1B0-E0BE,,Usage,2024-05-01,2024-05-31,0.001,gibibyte,0.000000,0.00
Onix - DFCI - AlDubayan Lab,01DC30-264DCD-B34E70,vanallen-aldubayan-lab--VanAll,terra-cfa1b7e3,firecloud.org > prod > CommunityWorkbench,Cloud Logging,5490-F7B7-8DF6,Log Storage cost,143F-A1B0-E0BE,,Usage,2024-05-01,2024-05-31,0.001,gibibyte,0.000000,0.00
Onix - DFCI - AlDubayan Lab,01DC30-264DCD-B34E70,vanallen-aldubayan-lab--arab-b,terra-0b69de80,firecloud.org > prod > CommunityWorkbench,Cloud Logging,5490-F7B7-8DF6,Log Storage cost,143F-A1B0-E0BE,,Usage,2024-05-01,2024-05-31,0.001,gibibyte,0.000000,0.00
Onix - DFCI - AlDubayan Lab,01DC30-264DCD-B34E70,vanallen-aldubayan-lab--QATR-W,terra-d7327e81,firecloud.org > prod > CommunityWorkbench,Cloud Storage,95FF-2EF5-5EA1,Standard Storage US Regional,E5F0-6A5D-7BAD,,Usage,2024-04-30,2024-05-30,"13,838.684",gibibyte month,277.071279,277.07
Onix - DFCI - AlDubayan Lab,01DC30-264DCD-B34E70,vanallen-aldubayan-lab--QATR-1,terra-af1a7acf,firecloud.org > prod > CommunityWorkbench,Cloud Storage,95FF-2EF5-5EA1,Standard Storage US Regional,E5F0-6A5D-7BAD,,Usage,2024-04-30,2024-05-30,"11,130.801",gibibyte month,222.855394,222.86
Onix - DFCI - AlDubayan Lab,01DC30-264DCD-B34E70,DFCI-aldubayan-lab--MID-Ciliop,terra-881a3ee1,firecloud.org > prod > CommunityWorkbench,Cloud Storage,95FF-2EF5-5EA1,Standard Storage US Regional,E5F0-6A5D-7BAD,,Usage,2024-04-30,2024-05-30,"10,666.483",gibibyte month,213.559048,213.56
Onix - DFCI - AlDubayan Lab,01DC30-264DCD-B34E70,Aldubayan-lab-DFCI,aldubayan-lab-dfci,broadinstitute.org,Compute Engine,6F81-5844-456A,Storage PD Capacity,D973-5D65-BAB2,,Usage,2024-04-30,2024-05-31,"4,085.102",gibibyte month,162.403341,162.40
Onix - DFCI - AlDubayan Lab,01DC30-264DCD-B34E70,DFCI-aldubayan-lab--UKbio-cont,terra-0df969ce,firecloud.org > prod > CommunityWorkbench,Cloud Storage,95FF-2EF5-5EA1,Autoclass Nearline Storage Iowa,F33B-ED40-25C6,,Usage,2024-04-30,2024-05-30,"14,223.6",gibibyte month,142.397292,142.40
Onix - DFCI - AlDubayan Lab,01DC30-264DCD-B34E70,vanallen-aldubayan-lab--arab-b,terra-7036173e,firecloud.org > prod > CommunityWorkbench,Cloud Storage,95FF-2EF5-5EA1,Standard Storage US Regional,E5F0-6A5D-7BAD,,Usage,2024-04-30,2024-05-30,"3,081.757",gibibyte month,61.701404,61.70
Onix - DFCI - AlDubayan Lab,01DC30-264DCD-B34E70,vanallen-aldubayan-lab--arab-b,terra-d3c999a2,firecloud.org > prod > CommunityWorkbench,Cloud Storage,95FF-2EF5-5EA1,Standard Storage US Regional,E5F0-6A5D-7BAD,,Usage,2024-04-30,2024-05-30,"3,046.583",gibibyte month,60.997165,61.00
Onix - DFCI - AlDubayan Lab,01DC30-264DCD-B34E70,DFCI-aldubayan-lab--2022-CarT-,terra-9ebea4f1,firecloud.org > prod > CommunityWorkbench,Cloud Storage,95FF-2EF5-5EA1,Standard Storage US Regional,E5F0-6A5D-7BAD,,Usage,2024-04-30,2024-05-30,"1,634.804",gibibyte month,32.731229,32.73
Onix - DFCI - AlDubayan Lab,01DC30-264DCD-B34E70,DFCI-aldubayan-lab--Dasman-Ins,terra-e2f9491f,firecloud.org > prod > CommunityWorkbench,Cloud Storage,95FF-2EF5-5EA1,Standard Storage US Regional,E5F0-6A5D-7BAD,,Usage,2024-04-30,2024-05-30,"1,542.086",gibibyte month,30.874877,30.87
Onix - DFCI - AlDubayan Lab,01DC30-264DCD-B34E70,vanallen-aldubayan-lab--arab-b,terra-d6c0baa5,firecloud.org > prod > CommunityWorkbench,Cloud Storage,95FF-2EF5-5EA1,Standard Storage US Regional,E5F0-6A5D-7BAD,,Usage,2024-04-30,2024-05-30,"1,178.871",gibibyte month,23.602743,23.60
Onix - DFCI - AlDubayan Lab,01DC30-264DCD-B34E70,DFCI-aldubayan-lab--KAnderson-,terra-6524346e,firecloud.org > prod > CommunityWorkbench,Cloud Storage,95FF-2EF5-5EA1,Autoclass Nearline Storage Iowa,F33B-ED40-25C6,,Usage,2024-04-30,2024-05-30,"2,102.904",gibibyte month,21.053685,21.05
Onix - DFCI - AlDubayan Lab,01DC30-264DCD-B34E70,vanallen-aldubayan-lab--VanAll,terra-cfa1b7e3,firecloud.org > prod > CommunityWorkbench,Cloud Storage,95FF-2EF5-5EA1,Standard Storage US Regional,E5F0-6A5D-7BAD,,Usage,2024-04-30,2024-05-30,"1,008.868",gibibyte month,20.099042,20.10
Onix - DFCI - AlDubayan Lab,01DC30-264DCD-B34E70,DFCI-aldubayan-lab--KAnderson-,terra-f64e23e8,firecloud.org > prod > CommunityWorkbench,Cloud Storage,95FF-2EF5-5EA1,Autoclass Nearline Storage Iowa,F33B-ED40-25C6,,Usage,2024-04-30,2024-05-30,"1,657.498",gibibyte month,16.596035,16.60
Onix - DFCI - AlDubayan Lab,01DC30-264DCD-B34E70,DFCI-aldubayan-lab--KAnderson-,terra-47075a46,firecloud.org > prod > CommunityWorkbench,Cloud Storage,95FF-2EF5-5EA1,Autoclass Standard Storage Iowa,E324-3A47-63B4,,Usage,2024-04-30,2024-05-24,765.794,gibibyte month,15.336540,15.34
Onix - DFCI - AlDubayan Lab,01DC30-264DCD-B34E70,DFCI-aldubayan-lab--KAnderson-,terra-47075a46,firecloud.org > prod > CommunityWorkbench,Cloud Storage,95FF-2EF5-5EA1,Autoclass Nearline Storage Iowa,F33B-ED40-25C6,,Usage,2024-04-30,2024-05-30,"1,526.426",gibibyte month,15.278553,15.28
Onix - DFCI - AlDubayan Lab,01DC30-264DCD-B34E70,DFCI-aldubayan-lab--An-Angiosa,terra-b588851c,firecloud.org > prod > CommunityWorkbench,Cloud Storage,95FF-2EF5-5EA1,Autoclass Coldline Storage Iowa,FC93-7D27-5888,,Usage,2024-04-30,2024-05-30,"3,286.831",gibibyte month,13.148978,13.15
Onix - DFCI - AlDubayan Lab,01DC30-264DCD-B34E70,DFCI-aldubayan-lab--KAnderson-,terra-f64e23e8,firecloud.org > prod > CommunityWorkbench,Cloud Storage,95FF-2EF5-5EA1,Autoclass Standard Storage Iowa,E324-3A47-63B4,,Usage,2024-04-30,2024-05-30,596.487,gibibyte month,11.935050,11.94
Onix - DFCI - AlDubayan Lab,01DC30-264DCD-B34E70,DFCI-aldubayan-lab--UKB-Prosta,terra-505abd81,firecloud.org > prod > CommunityWorkbench,Cloud Storage,95FF-2EF5-5EA1,Standard Storage US Regional,E5F0-6A5D-7BAD,,Usage,2024-04-30,2024-05-30,541.895,gibibyte month,10.849533,10.85
Onix - DFCI - AlDubayan Lab,01DC30-264DCD-B34E70,DFCI-aldubayan-lab--TCGA-BRCA-,terra-46b708b9,firecloud.org > prod > CommunityWorkbench,Cloud Storage,95FF-2EF5-5EA1,Standard Storage US Regional,E5F0-6A5D-7BAD,,Usage,2024-04-30,2024-05-30,465.416,gibibyte month,9.318317,9.32
Onix - DFCI - AlDubayan Lab,01DC30-264DCD-B34E70,DFCI-aldubayan-lab--An-Angiosa,terra-b588851c,firecloud.org > prod > CommunityWorkbench,Cloud Storage,95FF-2EF5-5EA1,Autoclass Nearline Storage Iowa,F33B-ED40-25C6,,Usage,2024-04-30,2024-05-12,719.621,gibibyte month,7.235099,7.24
Onix - DFCI - AlDubayan Lab,01DC30-264DCD-B34E70,vanallen-aldubayan-lab,vanallen-aldubayan-lab,firecloud.org,Compute Engine,6F81-5844-456A,Storage PD Capacity,D973-5D65-BAB2,,Usage,2024-04-30,2024-05-31,169.548,gibibyte month,6.740787,6.74
Onix - DFCI - AlDubayan Lab,01DC30-264DCD-B34E70,ArabBreastCancerProjectArchive,arabbreastcancerprojectarchive,broadinstitute.org,Cloud Storage,95FF-2EF5-5EA1,Archive Storage Iowa,EC4B-C190-470D,,Usage,2024-04-30,2024-05-30,"3,477.726",gibibyte month,4.177739,4.18
Onix - DFCI - AlDubayan Lab,01DC30-264DCD-B34E70,DFCI-aldubayan-lab--arab-breas,terra-968d3cde,firecloud.org > prod > CommunityWorkbench,Cloud Storage,95FF-2EF5-5EA1,Standard Storage US Regional,E5F0-6A5D-7BAD,,Usage,2024-04-30,2024-05-30,156.775,gibibyte month,3.138866,3.14
Onix - DFCI - AlDubayan Lab,01DC30-264DCD-B34E70,DFCI-aldubayan-lab--KAnderson-,terra-a7f38bfa,firecloud.org > prod > CommunityWorkbench,Cloud Storage,95FF-2EF5-5EA1,Autoclass Coldline Storage Iowa,FC93-7D27-5888,,Usage,2024-04-30,2024-05-30,501.981,gibibyte month,2.010060,2.01
Onix - DFCI - AlDubayan Lab,01DC30-264DCD-B34E70,DFCI-aldubayan-lab--ALDUBAYAN-,terra-a8d893d5,firecloud.org > prod > CommunityWorkbench,Cloud Storage,95FF-2EF5-5EA1,Standard Storage US Regional,E5F0-6A5D-7BAD,,Usage,2024-04-30,2024-05-30,63.947,gibibyte month,1.280311,1.28
Onix - DFCI - AlDubayan Lab,01DC30-264DCD-B34E70,DFCI-aldubayan-lab--UKbio-cont,terra-0df969ce,firecloud.org > prod > CommunityWorkbench,Cloud Storage,95FF-2EF5-5EA1,Autoclass Management Fee,CF60-426C-8557,,Usage,2024-04-30,2024-05-30,"1,077,473,175,204",second,1.039213,1.04
Onix - DFCI - AlDubayan Lab,01DC30-264DCD-B34E70,DFCI-aldubayan-lab--KAnderson-,terra-6524346e,firecloud.org > prod > CommunityWorkbench,Cloud Storage,95FF-2EF5-5EA1,Autoclass Standard Storage Iowa,E324-3A47-63B4,,Usage,2024-04-30,2024-05-31,41.731,gibibyte month,0.834914,0.83
Onix - DFCI - AlDubayan Lab,01DC30-264DCD-B34E70,vanallen-aldubayan-lab--PRS-Ma,terra-46e8b1dd,firecloud.org > prod > CommunityWorkbench,Cloud Storage,95FF-2EF5-5EA1,Standard Storage US Regional,E5F0-6A5D-7BAD,,Usage,2024-04-30,2024-05-30,30.985,gibibyte month,0.620356,0.62
Onix - DFCI - AlDubayan Lab,01DC30-264DCD-B34E70,DFCI-aldubayan-lab--KAnderson-,terra-f64e23e8,firecloud.org > prod > CommunityWorkbench,Cloud Storage,95FF-2EF5-5EA1,Standard Storage US Multi-region,0D5D-6E23-4250,,Usage,2024-04-30,2024-05-30,21.636,gibibyte month,0.562934,0.56
Onix - DFCI - AlDubayan Lab,01DC30-264DCD-B34E70,DFCI-aldubayan-lab--KAnderson-,terra-f64e23e8,firecloud.org > prod > CommunityWorkbench,Cloud Storage,95FF-2EF5-5EA1,Autoclass Management Fee,CF60-426C-8557,,Usage,2024-04-30,2024-05-30,"422,828,363,498",second,0.407806,0.41
Onix - DFCI - AlDubayan Lab,01DC30-264DCD-B34E70,DFCI-aldubayan-lab--KAnderson-,terra-f64e23e8,firecloud.org > prod > CommunityWorkbench,Cloud Storage,95FF-2EF5-5EA1,Standard Storage US Regional,E5F0-6A5D-7BAD,,Usage,2024-04-30,2024-05-30,16.627,gibibyte month,0.332728,0.33
Onix - DFCI - AlDubayan Lab,01DC30-264DCD-B34E70,vanallen-aldubayan-lab--arab-b,terra-0b69de80,firecloud.org > prod > CommunityWorkbench,Cloud Storage,95FF-2EF5-5EA1,Autoclass Archive Storage Iowa,8EBD-1734-FF50,,Usage,2024-04-30,2024-05-30,228.714,gibibyte month,0.274711,0.27
Onix - DFCI - AlDubayan Lab,01DC30-264DCD-B34E70,vanallen-aldubayan-lab--arab-b,terra-0b69de80,firecloud.org > prod > CommunityWorkbench,Cloud DNS,FA26-5236-B8B5,ManagedZone,8C22-6FC3-D478,,Usage,2024-04-30,2024-05-31,0.997,month,0.181436,0.18
Onix - DFCI - AlDubayan Lab,01DC30-264DCD-B34E70,vanallen-aldubayan-lab--arab-b,terra-d6c0baa5,firecloud.org > prod > CommunityWorkbench,Cloud DNS,FA26-5236-B8B5,ManagedZone,8C22-6FC3-D478,,Usage,2024-04-30,2024-05-31,0.997,month,0.181436,0.18
Onix - DFCI - AlDubayan Lab,01DC30-264DCD-B34E70,DFCI-aldubayan-lab--KAnderson-,terra-6524346e,firecloud.org > prod > CommunityWorkbench,Cloud Storage,95FF-2EF5-5EA1,Standard Storage US Multi-region,0D5D-6E23-4250,,Usage,2024-04-30,2024-05-30,4.099,gibibyte month,0.106675,0.11
Onix - DFCI - AlDubayan Lab,01DC30-264DCD-B34E70,DFCI-aldubayan-lab--UKbio-cont,terra-0df969ce,firecloud.org > prod > CommunityWorkbench,Cloud Storage,95FF-2EF5-5EA1,Standard Storage US Multi-region,0D5D-6E23-4250,,Usage,2024-04-30,2024-05-30,0.961,gibibyte month,0.024984,0.02
Onix - DFCI - AlDubayan Lab,01DC30-264DCD-B34E70,DFCI-aldubayan-lab--An-Angiosa,terra-b588851c,firecloud.org > prod > CommunityWorkbench,Cloud Storage,95FF-2EF5-5EA1,Standard Storage US Multi-region,0D5D-6E23-4250,,Usage,2024-04-30,2024-05-30,0.875,gibibyte month,0.022772,0.02
Onix - DFCI - AlDubayan Lab,01DC30-264DCD-B34E70,DFCI-aldubayan-lab--KAnderson-,terra-6524346e,firecloud.org > prod > CommunityWorkbench,Cloud Storage,95FF-2EF5-5EA1,Standard Storage US Regional,E5F0-6A5D-7BAD,,Usage,2024-04-30,2024-05-30,0.953,gibibyte month,0.019070,0.02
Onix - DFCI - AlDubayan Lab,01DC30-264DCD-B34E70,DFCI-aldubayan-lab--An-Angiosa,terra-b588851c,firecloud.org > prod > CommunityWorkbench,Cloud Storage,95FF-2EF5-5EA1,Autoclass Management Fee,CF60-426C-8557,,Usage,2024-04-30,2024-05-30,"13,640,936,089",second,0.013144,0.01
Onix - DFCI - AlDubayan Lab,01DC30-264DCD-B34E70,DFCI-aldubayan-lab--KAnderson-,terra-6524346e,firecloud.org > prod > CommunityWorkbench,Cloud Storage,95FF-2EF5-5EA1,Autoclass Management Fee,CF60-426C-8557,,Usage,2024-04-30,2024-05-30,"8,246,150,579",second,0.007929,0.01
Onix - DFCI - AlDubayan Lab,01DC30-264DCD-B34E70,DFCI-aldubayan-lab--An-Angiosa,terra-b588851c,firecloud.org > prod > CommunityWorkbench,Cloud Storage,95FF-2EF5-5EA1,Standard Storage US Regional,E5F0-6A5D-7BAD,,Usage,2024-04-30,2024-05-30,0.361,gibibyte month,0.007230,0.01
Onix - DFCI - AlDubayan Lab,01DC30-264DCD-B34E70,DFCI-aldubayan-lab--UKB-Prosta,terra-505abd81,firecloud.org > prod > CommunityWorkbench,Cloud Storage,95FF-2EF5-5EA1,Standard Storage US Multi-region,0D5D-6E23-4250,,Usage,2024-04-30,2024-05-30,0.236,gibibyte month,0.006114,0.01
Onix - DFCI - AlDubayan Lab,01DC30-264DCD-B34E70,DFCI-aldubayan-lab--KAnderson-,terra-47075a46,firecloud.org > prod > CommunityWorkbench,Cloud Storage,95FF-2EF5-5EA1,Autoclass Management Fee,CF60-426C-8557,,Usage,2024-04-30,2024-05-30,"5,113,006,515",second,0.004929,0.00
Onix - DFCI - AlDubayan Lab,01DC30-264DCD-B34E70,DFCI-aldubayan-lab--KAnderson-,terra-47075a46,firecloud.org > prod > CommunityWorkbench,Cloud Storage,95FF-2EF5-5EA1,Standard Storage US Multi-region,0D5D-6E23-4250,,Usage,2024-04-30,2024-05-30,0.125,gibibyte month,0.003235,0.00
Onix - DFCI - AlDubayan Lab,01DC30-264DCD-B34E70,vanallen-aldubayan-lab--arab-b,terra-0b69de80,firecloud.org > prod > CommunityWorkbench,Cloud Storage,95FF-2EF5-5EA1,Autoclass Coldline Storage Iowa,FC93-7D27-5888,,Usage,2024-04-30,2024-05-02,0.763,gibibyte month,0.003098,0.00
Onix - DFCI - AlDubayan Lab,01DC30-264DCD-B34E70,DFCI-aldubayan-lab--KAnderson-,terra-47075a46,firecloud.org > prod > CommunityWorkbench,Cloud Storage,95FF-2EF5-5EA1,Standard Storage US Regional,E5F0-6A5D-7BAD,,Usage,2024-04-30,2024-05-30,0.092,gibibyte month,0.001831,0.00
Onix - DFCI - AlDubayan Lab,01DC30-264DCD-B34E70,DFCI-aldubayan-lab--rjain-test,terra-dfba15b5,firecloud.org > prod > CommunityWorkbench,Cloud Storage,95FF-2EF5-5EA1,Autoclass Coldline Storage Iowa,FC93-7D27-5888,,Usage,2024-04-30,2024-05-30,0.442,gibibyte month,0.001738,0.00
Onix - DFCI - AlDubayan Lab,01DC30-264DCD-B34E70,DFCI-aldubayan-lab--KAnderson-,terra-6524346e,firecloud.org > prod > CommunityWorkbench,Cloud Storage,95FF-2EF5-5EA1,Multi-Region Standard Class A Operations,9ADA-9AED-1B24,,Usage,2024-04-30,2024-05-24,81,count,0.000810,0.00
Onix - DFCI - AlDubayan Lab,01DC30-264DCD-B34E70,vanallen-aldubayan-lab--arab-b,terra-0b69de80,firecloud.org > prod > CommunityWorkbench,Cloud Storage,95FF-2EF5-5EA1,Standard Storage US Regional,E5F0-6A5D-7BAD,,Usage,2024-04-30,2024-05-30,0.032,gibibyte month,0.000621,0.00
Onix - DFCI - AlDubayan Lab,01DC30-264DCD-B34E70,DFCI-aldubayan-lab--KAnderson-,terra-6524346e,firecloud.org > prod > CommunityWorkbench,Cloud Storage,95FF-2EF5-5EA1,Regional Autoclass Standard Class A Operations,B7C3-7672-190E,,Usage,2024-04-30,2024-05-14,399,count,0.000610,0.00
Onix - DFCI - AlDubayan Lab,01DC30-264DCD-B34E70,DFCI-aldubayan-lab--KAnderson-,terra-a7f38bfa,firecloud.org > prod > CommunityWorkbench,Cloud Storage,95FF-2EF5-5EA1,Autoclass Management Fee,CF60-426C-8557,,Usage,2024-04-30,2024-05-30,"530,317,063",second,0.000496,0.00
Onix - DFCI - AlDubayan Lab,01DC30-264DCD-B34E70,vanallen-aldubayan-lab--arab-b,terra-0b69de80,firecloud.org > prod > CommunityWorkbench,Cloud Storage,95FF-2EF5-5EA1,Autoclass Management Fee,CF60-426C-8557,,Usage,2024-04-30,2024-05-30,"482,106,420",second,0.000434,0.00
Onix - DFCI - AlDubayan Lab,01DC30-264DCD-B34E70,DFCI-aldubayan-lab--rjain-test,terra-dfba15b5,firecloud.org > prod > CommunityWorkbench,Cloud Storage,95FF-2EF5-5EA1,Autoclass Management Fee,CF60-426C-8557,,Usage,2024-04-30,2024-05-30,"436,574,178",second,0.000403,0.00
Onix - DFCI - AlDubayan Lab,01DC30-264DCD-B34E70,DFCI-aldubayan-lab--UKB-Prosta,terra-8683ccbe,firecloud.org > prod > CommunityWorkbench,Cloud Storage,95FF-2EF5-5EA1,Autoclass Management Fee,CF60-426C-8557,,Usage,2024-04-30,2024-05-30,"267,836,992",second,0.000248,0.00
Onix - DFCI - AlDubayan Lab,01DC30-264DCD-B34E70,DFCI-aldubayan-lab--KAnderson-,terra-6524346e,firecloud.org > prod > CommunityWorkbench,Cloud Storage,95FF-2EF5-5EA1,Regional Autoclass Standard Class B Operations,5BE8-FE77-1C76,,Usage,2024-04-30,2024-05-29,"2,243",count,0.000235,0.00
Onix - DFCI - AlDubayan Lab,01DC30-264DCD-B34E70,DFCI-aldubayan-lab--rjain-test,terra-dfba15b5,firecloud.org > prod > CommunityWorkbench,Cloud Storage,95FF-2EF5-5EA1,Standard Storage US Regional,E5F0-6A5D-7BAD,,Usage,2024-04-30,2024-05-30,0.01,gibibyte month,0.000186,0.00
Onix - DFCI - AlDubayan Lab,01DC30-264DCD-B34E70,DFCI-aldubayan-lab--UKB-Prosta,terra-8683ccbe,firecloud.org > prod > CommunityWorkbench,Cloud Storage,95FF-2EF5-5EA1,Standard Storage US Regional,E5F0-6A5D-7BAD,,Usage,2024-04-30,2024-05-30,0.006,gibibyte month,0.000120,0.00
Onix - DFCI - AlDubayan Lab,01DC30-264DCD-B34E70,DFCI-aldubayan-lab--KAnderson-,terra-6524346e,firecloud.org > prod > CommunityWorkbench,Cloud Storage,95FF-2EF5-5EA1,Network Data Transfer GCP Multi-region within Northern America,3C8A-99C5-F47B,,Usage,2024-04-30,2024-05-24,0.005,gibibyte,0.000092,0.00
Onix - DFCI - AlDubayan Lab,01DC30-264DCD-B34E70,DFCI-aldubayan-lab--UKB-Prosta,terra-8683ccbe,firecloud.org > prod > CommunityWorkbench,Cloud Storage,95FF-2EF5-5EA1,Autoclass Coldline Storage Iowa,FC93-7D27-5888,,Usage,2024-04-30,2024-05-07,0.018,gibibyte month,0.000068,0.00
Onix - DFCI - AlDubayan Lab,01DC30-264DCD-B34E70,DFCI-aldubayan-lab--KAnderson-,terra-a7f38bfa,firecloud.org > prod > CommunityWorkbench,Cloud Storage,95FF-2EF5-5EA1,Standard Storage US Multi-region,0D5D-6E23-4250,,Usage,2024-04-30,2024-05-30,0.003,gibibyte month,0.000062,0.00
Onix - DFCI - AlDubayan Lab,01DC30-264DCD-B34E70,vanallen-aldubayan-lab--QATR-1,terra-af1a7acf,firecloud.org > prod > CommunityWorkbench,Cloud Storage,95FF-2EF5-5EA1,Standard Storage US Multi-region,0D5D-6E23-4250,,Usage,2024-04-30,2024-05-30,0.002,gibibyte month,0.000042,0.00
Onix - DFCI - AlDubayan Lab,01DC30-264DCD-B34E70,DFCI-aldubayan-lab--rjain-test,terra-dfba15b5,firecloud.org > prod > CommunityWorkbench,Cloud Storage,95FF-2EF5-5EA1,Standard Storage US Multi-region,0D5D-6E23-4250,,Usage,2024-04-30,2024-05-30,0.002,gibibyte month,0.000041,0.00
Onix - DFCI - AlDubayan Lab,01DC30-264DCD-B34E70,DFCI-aldubayan-lab--KAnderson-,terra-a7f38bfa,firecloud.org > prod > CommunityWorkbench,Cloud Storage,95FF-2EF5-5EA1,Standard Storage US Regional,E5F0-6A5D-7BAD,,Usage,2024-04-30,2024-05-30,0.002,gibibyte month,0.000031,0.00
Onix - DFCI - AlDubayan Lab,01DC30-264DCD-B34E70,vanallen-aldubayan-lab--UKbio-,terra-8392b651,firecloud.org > prod > CommunityWorkbench,Cloud Storage,95FF-2EF5-5EA1,Autoclass Coldline Storage Iowa,FC93-7D27-5888,,Usage,2024-04-30,2024-05-30,0.009,gibibyte month,0.000031,0.00
Onix - DFCI - AlDubayan Lab,01DC30-264DCD-B34E70,vanallen-aldubayan-lab--arab-b,terra-7036173e,firecloud.org > prod > CommunityWorkbench,Cloud Storage,95FF-2EF5-5EA1,Standard Storage US Multi-region,0D5D-6E23-4250,,Usage,2024-04-30,2024-05-30,0.001,gibibyte month,0.000031,0.00
Onix - DFCI - AlDubayan Lab,01DC30-264DCD-B34E70,vanallen-aldubayan-lab--germli,terra-336dd9a6,firecloud.org > prod > CommunityWorkbench,Cloud Storage,95FF-2EF5-5EA1,Standard Storage US Regional,E5F0-6A5D-7BAD,,Usage,2024-04-30,2024-05-30,0.002,gibibyte month,0.000031,0.00
Onix - DFCI - AlDubayan Lab,01DC30-264DCD-B34E70,vanallen-aldubayan-lab--arab-b,terra-d3c999a2,firecloud.org > prod > CommunityWorkbench,Cloud Storage,95FF-2EF5-5EA1,Standard Storage US Multi-region,0D5D-6E23-4250,,Usage,2024-04-30,2024-05-30,0.001,gibibyte month,0.000014,0.00
Onix - DFCI - AlDubayan Lab,01DC30-264DCD-B34E70,DFCI-aldubayan-lab--KAnderson-,terra-6524346e,firecloud.org > prod > CommunityWorkbench,Cloud Storage,95FF-2EF5-5EA1,Network Data Transfer GCP Replication within Northern America,AED0-3315-7B11,,Usage,2024-04-30,2024-05-30,0,gibibyte,0.000001,0.00
Onix - DFCI - AlDubayan Lab,01DC30-264DCD-B34E70,DFCI-aldubayan-lab--KAnderson-,terra-6524346e,firecloud.org > prod > CommunityWorkbench,Cloud Storage,95FF-2EF5-5EA1,Download Worldwide Destinations (excluding Asia & Australia),22EB-AAE8-FBCD,,Usage,2024-04-30,2024-05-14,0.026,gibibyte,0.000000,0.00
Onix - DFCI - AlDubayan Lab,01DC30-264DCD-B34E70,DFCI-aldubayan-lab--UKbio-cont,terra-0df969ce,firecloud.org > prod > CommunityWorkbench,Cloud Storage,95FF-2EF5-5EA1,Standard Storage US Regional,E5F0-6A5D-7BAD,,Usage,2024-04-30,2024-05-30,0.001,gibibyte month,0.000000,0.00
Onix - DFCI - AlDubayan Lab,01DC30-264DCD-B34E70,vanallen-aldubayan-lab--UKbio-,terra-8392b651,firecloud.org > prod > CommunityWorkbench,Cloud Storage,95FF-2EF5-5EA1,Autoclass Management Fee,CF60-426C-8557,,Usage,2024-04-30,2024-05-30,"16,070,214",second,0.000000,0.00
Onix - DFCI - AlDubayan Lab,01DC30-264DCD-B34E70,ProjectCostEstimte,projectcostestimte,broadinstitute.org,BigQuery,24E6-581D-38E5,Active Logical Storage (us-central1),0018-A5A0-9D6D,,Usage,2024-04-30,2024-05-31,0.282,gibibyte month,0.000000,0.00
Onix - DFCI - AlDubayan Lab,01DC30-264DCD-B34E70,ProjectCostEstimte,projectcostestimte,broadinstitute.org,BigQuery,24E6-581D-38E5,Long Term Logical Storage (us-central1),55B3-2F73-B6A3,,Usage,2024-04-30,2024-05-31,2.708,gibibyte month,0.000000,0.00
